/*
SQLyog 企业版 - MySQL GUI v8.14 
MySQL - 5.0.27-community-nt : Database - test
*********************************************************************
*/

/*!40101 SET NAMES utf8 */;

/*!40101 SET SQL_MODE=''*/;

/*!40014 SET @OLD_UNIQUE_CHECKS=@@UNIQUE_CHECKS, UNIQUE_CHECKS=0 */;
/*!40014 SET @OLD_FOREIGN_KEY_CHECKS=@@FOREIGN_KEY_CHECKS, FOREIGN_KEY_CHECKS=0 */;
/*!40101 SET @OLD_SQL_MODE=@@SQL_MODE, SQL_MODE='NO_AUTO_VALUE_ON_ZERO' */;
/*!40111 SET @OLD_SQL_NOTES=@@SQL_NOTES, SQL_NOTES=0 */;
CREATE DATABASE /*!32312 IF NOT EXISTS*/`test` /*!40100 DEFAULT CHARACTER SET utf8 */;

USE `test`;

/*Table structure for table `t_category` */

DROP TABLE IF EXISTS `t_category`;

CREATE TABLE `t_category` (
  `cid` int(11) NOT NULL,
  `title` varchar(8) NOT NULL,
  `sequnce` int(11) default '0',
  `deleted` tinyint(4) default '0',
  PRIMARY KEY  (`cid`)
) ENGINE=InnoDB DEFAULT CHARSET=utf8;

/*Data for the table `t_category` */

insert  into `t_category`(`cid`,`title`,`sequnce`,`deleted`) values (1,'焦点',0,0),(2,'国内',0,0),(3,'国际',0,0),(4,'军事',0,0),(5,'体育',0,0),(6,'科技',0,0),(7,'汽车',0,0),(8,'财经',0,0),(9,'游戏',0,0),(10,'女人',0,0);

/*Table structure for table `t_comment` */

DROP TABLE IF EXISTS `t_comment`;

CREATE TABLE `t_comment` (
  `cid` int(11) NOT NULL auto_increment,
  `nid` int(11) NOT NULL,
  `ptime` varchar(20) default NULL,
  `region` varchar(20) default NULL,
  `content` varchar(20) default NULL,
  `supportcount` int(11) default '0',
  `opposecount` int(11) default '0',
  `deleted` tinyint(4) default '0',
  PRIMARY KEY  (`cid`,`nid`)
) ENGINE=InnoDB DEFAULT CHARSET=utf8;

/*Data for the table `t_comment` */

insert  into `t_comment`(`cid`,`nid`,`ptime`,`region`,`content`,`supportcount`,`opposecount`,`deleted`) values (1,1,'2012-11-11 09:34:00','未知地区','凤姐有男朋友了',0,0,0),(2,1,'2012-11-11 09:34:08','广州市','小妹，你怎么看？',0,0,0),(3,1,'2012-11-11 09:34:07','广州市','小巫，你怎么看？',0,0,0),(4,1,'2012-11-11 09:34:06','广州市','小钱，你怎么看？',0,0,0),(5,1,'2012-11-11 09:34:05','上海市','元芳，你怎么看？',0,0,0),(6,1,'2012-11-11 09:34:04','上海市','元芳，你怎么看？',0,0,0),(7,1,'2012-11-11 09:34:03','上海市','元芳，你怎么看？',0,0,0),(8,1,'2012-11-11 09:34:02','上海市','元芳，你怎么看？',0,0,0),(9,1,'2012-11-11 09:34:01','北京市','元芳，你怎么看？',0,0,0),(10,1,'2012-11-11 09:34:10','北京市','元芳，你怎么看？',0,0,0),(11,1,'2012-11-15 14:10:25','广州市','小巫你肿么了',0,0,0),(12,1,'2012-11-15 14:10:35','广州市','小巫你肿么了',0,0,0),(13,1,'2012-11-15 14:20:46','广州市','小巫你肿么了',0,0,0),(14,1,'2012-11-15 14:22:57','广州市','小巫你肿么了',0,0,0),(15,2,'2012-11-15 14:38:04','广州市','小巫你肿么了',0,0,0),(16,5,'2012-11-15 23:43:07','广州市','小巫你肿么了',0,0,0),(17,1,'2012-11-16 15:55:41','广州市','这个问题很严重',0,0,0);

/*Table structure for table `t_news` */

DROP TABLE IF EXISTS `t_news`;

CREATE TABLE `t_news` (
  `nid` int(11) NOT NULL auto_increment,
  `cid` int(11) NOT NULL,
  `title` varchar(50) default NULL,
  `digest` varchar(255) default NULL,
  `body` text,
  `source` varchar(20) default NULL,
  `commentCount` int(11) default NULL,
  `ptime` varchar(20) default NULL,
  `imgSrc` varchar(20) default NULL,
  `deleted` tinyint(4) default '0',
  PRIMARY KEY  (`nid`,`cid`)
) ENGINE=InnoDB DEFAULT CHARSET=utf8;

/*Data for the table `t_news` */

insert  into `t_news`(`nid`,`cid`,`title`,`digest`,`body`,`source`,`commentCount`,`ptime`,`imgSrc`,`deleted`) values (1,1,'中共中央总书记习近平主持中央政治局会议',' 中共中央政治局召开会议　对学习宣传贯彻党的十八大精神进行研究部署','<p>    中共中央政治局召开会议　对学习宣传贯彻党的十八大精神进行研究部署</p>\r\n<p>　　中共中央总书记习近平主持会议</p>\r\n<p>    新华网北京１１月１６日电 十八届中共中央政治局１６日召开会议，对学习宣传贯彻党的十八大精神进行研究部署。中共中央总书记习近平主持会议。</p>\r\n<p>    会议指出，党的十八大是在我国进入全面建成小康社会决定性阶段召开的一次十分重要的会议。认真学习宣传贯彻党的十八大精神，关系党和国家工作全局，关系中国特色社会主义事业长远发展，对于动员全党全国各族人民在以习近平同志为总书记的党中央领导下，高举中国特色社会主义伟大旗帜，满怀信心为全面建成小康社会、夺取中国特色社会主义新胜利而奋斗，具有重大现实意义和深远历史意义。</p>\r\n<p>    会议强调，当前和今后一个时期的首要政治任务，就是认真学习宣传和全面贯彻落实党的十八大精神，把全党全国各族人民的思想统一到党的十八大精神上来，把力量凝聚到实现党的十八大确定的各项任务上来，为实现党的十八大确定的奋斗目标和工作任务而奋斗。要认真研读党的十八大文件，原原本本学习党的十八大报告和党章，全面准确学习领会党的十八大精神。要深刻领会党的十八大的重大意义，深刻领会党的十八大的主题，深刻领会过去５年和１０年党和国家取得的新的历史性成就，深刻领会科学发展观的历史地位和指导意义，深刻领会中国特色社会主义的丰富内涵，深刻领会夺取中国特色社会主义新胜利的基本要求，深刻领会全面建成小康社会和全面深化改革开放的目标，深刻领会社会主义经济建设、政治建设、文化建设、社会建设、生态文明建设等方面的重大部署，深刻领会全面提高党的建设科学化水平的重大任务。</p>\r\n<p>    会议指出，要全面准确、深入系统地宣传党的十八大精神，使党的十八大精神更好为广大干部群众所掌握。要切实抓好学习培训，组织广大党员干部认真学习党的十八大精神，掌握党的十八大的基本内容，加深对党的十八大提出的一系列新思想、新观点、新论断的理解。要集中开展宣讲活动，推动党的十八大精神进企业、进农村、进机关、进校园、进社区。要精心组织新闻宣传，宣传广大干部群众对党的十八大的热烈反响和学习情况，宣传在学习贯彻党的十八大精神过程中解决实际问题的新成效新进展。</p>\r\n<p>   会议指出，学习宣传贯彻党的十八大精神，要紧密联系改革开放和现代化建设实际，联系本地区本部门工作实际，联系广大干部群众思想实际，坚持学以致用、用以促学，把党的十八大精神落实到推动科学发展、加快转变经济发展方式上来，落实到促进社会和谐、保障和改善民生上来，落实到全面推进党的建设新的伟大工程上来，落实到解放思想、改革开放、凝聚力量、攻坚克难上来，使之成为全面建成小康社会、夺取中国特色社会主义新胜利的强大思想武器。</p>\r\n<p>    会议要求，各级党委要按照中央部署，结合本地区本部门实际，作出专题部署，提出具体要求，着力抓好落实，迅速兴起学习宣传贯彻党的十八大精神的热潮。要加强工作指导，加强督促检查，及时了解学习宣传贯彻情况，总结推广先进经验，努力增强学习宣传贯彻党的十八大精神的吸引力感染力和针对性实效性，着力用党的十八大精神统一思想、凝聚力量，把学习宣传贯彻党的十八大精神不断引向深入。</p>\r\n<p>    会议强调，大会通过的党章修正案，体现了党的理论创新和实践发展的成果，体现了党的十八大确立的重大理论观点、重大方针政策、重大工作部署，对坚持和完善党的领导、加强和改进党的建设提出了明确要求。认真学习党章，严格遵守党章，是学习贯彻党的十八大精神的重要内容。要把学习党章同学习党的十八大精神紧密结合起来，同学习中国特色社会主义理论体系紧密结合起来。</p>\r\n<p>    会议还研究了其他事项。</p>','来源： 新华网',NULL,'2012年11月16日',NULL,0),(2,1,'党的十八届一中全会选举习近平、李克强、张德江、俞正声、刘云山、王岐山、张高丽为中央政治局常委 ',' 新华网十八大快讯：党的十八届一中全会选举习近平、李克强、张德江、俞正声、刘云山、王岐山、张高丽为中央政治局常委。',' <p>新华网十八大快讯：党的十八届一中全会选举习近平、李克强、张德江、俞正声、刘云山、王岐山、张高丽为中央政治局常委。</p>','来源： 新华网',NULL,'2012年11月15日 11:45:36',NULL,0),(3,1,'外媒：胡锦涛卸任军职为未来立新规','菲律宾  本报马尼拉11月15日电（记者付志刚）中共十八大闭幕和领导人换届引起菲律宾社会高度关注。菲律宾外交部15日发表书面声明表示，期待建立积极、和平和稳定的菲中关系，双边政治关系将得以改善，两国经济合作以及人民间的交往继续繁荣。','<strong>菲律宾</strong></p>\r\n<p style=\"text-indent: 2em\">\r\n	本报马尼拉11月15日电（记者付志刚）中共十八大闭幕和领导人换届引起菲律宾社会高度关注。菲律宾外交部15日发表书面声明表示，期待建立积极、和平和稳定的菲中关系，双边政治关系将得以改善，两国经济合作以及人民间的交往继续繁荣。</p>\r\n<p style=\"text-indent: 2em\">\r\n	菲律宾所有网络媒体均在第一时间报道了中共领导人换届的情况。菲最大报纸之一《菲律宾星报》总编、资深媒体人安娜·帕敏图安女士表示，中国新一代领导人向世界发出最强音，在未来10年，中国是维护世界和平和繁荣的重要力量！</p>\r\n<p style=\"text-indent: 2em\">\r\n	菲华文媒体《世界日报》发表题为《美丽的愿景一定能够实现》的社论，祝贺中共十八大胜利闭幕。社论指出，新一代的领导集体有能力带领中国人民奔向小康，把中国建成一个美丽、富强的国家！</p>\r\n<p style=\"text-indent: 2em\">\r\n	菲律宾著名中国问题专家、美国广播公司前驻华首席代表齐托·罗马纳通过中央电视台英文频道的现场直播，全程观看了中共新一代领导人和媒体见面的情况。他表示，平稳有序的领导人交替表明，中国改革开放政策将得以延续。习近平关于反腐败的讲话表明，他的首要任务是改善政府管理，维护政治稳定。</p>\r\n<p style=\"text-indent: 2em\">\r\n	<strong>英 国</strong></p>\r\n<p style=\"text-indent: 2em\">\r\n	本报伦敦11月15日电（记者戴军）北京时间15日上午（伦敦时间15日清晨），中共中央新一届领导机构产生，7名新当选的中共中央政治局常务委员会委员集体亮相与中外记者见面，英国媒体对此纷纷报道。</p>\r\n<p style=\"text-indent: 2em\">\r\n	《每日电讯报》连发5篇文章。题为《中国强有力的新一届领导集体亮相，开启政治新纪元》的文章介绍了7名新常委的简历，并详细介绍了新当选的中共中央总书记、中央军委主席习近平的从政经历。该报记者还发回对中国专家、学者及普通民众的采访，包括社会各阶层人士对新一届领导集体的观感和期待。</p>\r\n<p style=\"text-indent: 2em\">\r\n	《泰晤士报》刊发了习近平及其他新常委的大幅照片并逐一介绍。</p>\r\n<p style=\"text-indent: 2em\">\r\n	路透社的报道说，新当选的中央政治局常委从9人减至7人，有利于在重大问题上达成共识并决策一致。报道指出，习近平在讲话中强调中共对领导中国人民已取得的举世瞩目的成就“自豪而不自满”，他还特别把党内的腐败问题列为中共面临的“严峻挑战”和“亟待解决”的问题之首，提醒全体党员对此要“警醒起来”。报道分析说，中国的政治改革是一个热门话题，也是一个渐进的过程。</p>\r\n<p style=\"text-indent: 2em\">\r\n	<strong>以色列</strong></p>\r\n<p style=\"text-indent: 2em\">\r\n	本报特拉维夫11月15日电（记者陈克勤）15日，在中共十八大闭幕和十八届一中全会召开之际，以发行量最大的英文报纸《耶路撒冷邮报》发表中国驻以大使高燕平题为《中国的繁荣之路和对以色列的机遇》的署名文章，文章在该报英语网站同时刊登。</p>\r\n<p style=\"text-indent: 2em\">\r\n	文章表示，中以关系正处于有史以来最好的发展时期。中国已成为以色列全球第三大贸易伙伴和亚洲最大贸易伙伴。两国未来有望建立自贸区，这将给双方人民带来更多、更大的实惠。</p>\r\n<p style=\"text-indent: 2em\">\r\n	<strong>澳大利亚</strong></p>\r\n<p style=\"text-indent: 2em\">\r\n	本报堪培拉11月15日电（记者陈小方）15日，澳主流媒体及时报道了中共十八大胜利闭幕的消息，并继续关注新一届领导班子的产生。澳广播电视新闻频道全程直播了新一届中央政治局常委与媒体的见面会，并同时连线其驻北京记者与澳外长卡尔以及澳中国问题学者进行现场评论。</p>\r\n<p style=\"text-indent: 2em\">\r\n	报道指出，中共领导人这次换届不仅对中国人来说是重要的，而且对于包括澳大利亚在内的世界各国都是重要的。中国很可能在今后不久超过美国而成为世界第一大经济体。新闻频道同时播放了中澳关系发展的一个短片。</p>\r\n<p style=\"text-indent: 2em\">\r\n	澳外长卡尔在接受采访时表示，中国新一届领导人对澳并不生疏。习近平讲到中国要更多地了解世界，而世界也要更多地了解中国，显示了中国新一届领导人的自信。澳国际安全专家蒙克、墨尔本大学亚洲研究所基特等澳知名学者认为，中共新一届领导班子是稳定的，将会奉行“现实主义的道路”。此外，澳学者认为，中国在外交上如何处理与周边国家的关系也将是“一个考验”。</p>\r\n<p style=\"text-indent: 2em\">\r\n	<strong>德语国家</strong></p>\r\n<p style=\"text-indent: 2em\">\r\n	本报维也纳11月15日电（记者方祥生）此间媒体迅速报道了中共十八大产生的新一届领导集体。奥地利《新闻报》的标题是《中国：习近平成为中共新领导》，《标准报》的标题是《北京党代会：习近平是新的领导人》；德国《世界报》的标题是《习近平接掌中国权力》，《法兰克福汇报》的标题是《德国，快醒来！世界大国中国有了新领导！》</p>\r\n<p style=\"text-indent: 2em\">\r\n	欧洲媒体均在其网络版对中共十八大产生的新一届政治局常委及时进行了图文并茂的报道。德国《法兰克福汇报》的报道说，当德国人还在熟睡之际，中国的新一届领导开始掌权。今后10年，他们不仅将决定中国的命运，也将越来越多地决定世界的命运。</p>\r\n<p style=\"text-indent: 2em\">\r\n	这些欧洲媒体在报道中指出，习近平在记者见面会上的发言简短而有新意，没有多少空话和套话，强调要从严治党，要解决腐败问题以及形式主义和官僚主义等问题。习近平强调，中国需要更多地了解世界，世界也需要更多地了解中国。他希望各国记者为增进中国和世界的互相了解多作努力和贡献。报道认为胡锦涛不再担任中共中央军委主席，成为本次党代会最闪亮的“看点”之一，给中共政坛带进了一股新风，历史意义不同凡响，也为未来的中共领导人立下“高风亮节”的新规，为中国政治健康发展奠定了基础。</p>\r\n<p style=\"text-indent: 2em\">\r\n	<strong>瑞 士</strong></p>\r\n<p style=\"text-indent: 2em\">\r\n	本报日内瓦11月15日电（记者宋斌）15日，瑞士媒体积极报道中共十八大闭幕。法语地区主流媒体《时报》称，中共十八大选举产生了以习近平为核心的新一届领导，习近平的就职讲话务实、易懂、贴近百姓，没有回避问题，也无空洞乏味之语，受到民众欢迎。他坦承新一届中共领导集体面临众多挑战，其中包括腐败现象和滥用职权问题等。新领导人宣称将为人民创造更美好生活。</p>\r\n<p style=\"text-indent: 2em\">\r\n	《日内瓦论坛报》称，习近平的讲话坦诚、务实，展示中国共产党的新风范，尤其提到了包括腐败在内的诸多挑战。新一届领导集体将肩负继续坚持改革开放、推进经济转型和管理国家的艰巨责任。</p>\r\n<p style=\"text-indent: 2em\">\r\n	14日晚，中国驻瑞大使吴恳在苏黎世做客瑞士国家电视一台并就中共十八大会况接受了《时事评论》节目的直播专访。吴大使介绍称，刚刚闭幕的中共十八大是在中国改革开放进入决定性阶段召开的一次重要会议。中国共产党一直把清正廉洁作为共产党人的政治本色，历来高度重视反腐工作。党和政府将继续采取一系列整治腐败的新举措。</p>\r\n<div class=\"zdfy clearfix\"></div><center><table border=\"0\" align=\"center\" width=\"40%\"><tr></tr></table></center>\r\n	     </div>\r\n       </div>\r\n       <div class=\"text_img\"></div>\r\n       \r\n	   <div class=\"edit\" id=\"p_editor\">（责任编辑：刘兰(实习))</div>','来源：《光明日报》',NULL,'2012年11月17日07:48',NULL,0),(4,1,'港媒:习近平表示要解决腐败等问题 说到人民心坎里','【核心提示】香港《大公报》发表社评说,新领导集体年富力强、从容自信。习近平在与中外记者见面时的讲话具说服力和诚意。习近平用他发自内心的、对历史和人民的无限深情和巨大承担作出论述和承诺;因为他眼中有人民、心中有人民,人民才会被他的讲话所感动。','【<b>核心提示</b>】香港《大公报》发表社评说,新领导集体年富力强\r\n、从容自信。习近平在与中外记者见面时的讲话具说服力和诚意。\r\n习近平用他发自内心的、对历史和人民的无限深情和巨大承担作出论述和承诺;\r\n因为他眼中有人民、心中有人民,人民才会被他的讲话所感动。\r\n\r\n<p><font style=\"line-height: 200%\">　　新华网北京11月16日电 15日上午,中共第十八届中央委员会第一次全体会议选举产生新一届中央领导机构。新当选的中共中央总书记习近平和中共中央政治局常委李克强、张德江、俞正声、刘云山、王岐山、张高丽,在人民大会堂同采访十八大的中外记者亲切见面。16日出版的香港、澳门、台湾各大报纸对此高度关注,纷纷在重要位置大幅报道,发表社评或社论。</font></p>\r\n<p><font style=\"line-height: 200%\">　　香港《大公报》发表社评说,新领导集体年富力强、从容自信。习近平在与中外记者见面时的讲话具说服力和诚意。习近平用他发自内心的、对历史和人民的无限深情和巨大承担作出论述和承诺;因为他眼中有人民、心中有人民,人民才会被他的讲话所感动。</font></p>\r\n<p><font style=\"line-height: 200%\">　　香港《文汇报》的社评说,新领导集体大都有过基层工作的经历。他们既对基层群众具有深厚感情,又深刻了解中国国情。他们的教育背景以及从政后的磨砺,又使他们具有广阔的国际视野,具有应对和处理各种复杂矛盾的智慧与技巧。习近平讲话中“接过历史的接力棒”的生动比喻,标志着中共新领导集体是一个承前启后、继往开来的集体,将会带领中国人民继续为实现民族伟大复兴努力奋斗。</font></p>\r\n<p><font style=\"line-height: 200%\">　　《明报》社评指出,习近平讲话形式和内容都有新意。他的讲话对人民念兹在兹,强调“人民对美好生活的向往,就是我们的奋斗目标”,同时表示要着力解决党内贪污腐败、脱离群众、形式主义和官僚主义等问题。这些话,都说到人民的心坎去了。</font></p>\r\n<p><font style=\"line-height: 200%\">　　《经济日报》社评说,对一般民众而言,更关心的是新领导层在未来任期内,如何带领中国再迈步发展。中国经济社会发展方向其实相当清晰,就如习近平所指出的,坚持改革开放,不断解放和发展社会生产力,努力解决群众的生产生活困难。</font></p>\r\n<p><font style=\"line-height: 200%\">　　《星岛日报》发表社论说,中央把治国总方针定为追求百姓生活的改善,管治要以民为先,这个取向值得肯定。国家大局如此,香港小局也不应偏离。无论是内地人民抑或港人,都希望在民生、民权、社会、法制、政治等不同层面都可以大力提升。</font></p>\r\n','中国青年网',NULL,'2012-11-17 09:10:00',NULL,0),(5,1,'遭外媒批“笨拙” 马英九要求“驻外部门”提抗议','【环球网综合报道】英国《经济学人》杂志刊出以“马英九：笨拙的总统”（Ma the bumbler）为题的报道，引发风波。据透露，马英九高度重视这篇文章，除了要求相关部会针对文中所提的问题提出解决之道外，17日更要求台湾“外交部”透过“驻英代表处”对《经济学人》适度提出抗议，并投书澄清。','<p style=\"text-justify: distribute; margin: 0px 3px 15px; text-indent: 30px; text-align: justify\" align=\"justify\">【环球网综合报道】英国《经济学人》杂志刊出以“马英九：笨拙的总统”（Ma the\r\nbumbler）为题的报道，引发风波。据透露，马英九高度重视这篇文章，除了要求相关部会针对文中所提的问题提出解决之道外，17日更要求台湾“外交部”透过“驻英代表处”对《经济学人》适度提出抗议，并投书澄清。</p>\r\n\r\n<p style=\"text-justify: distribute; margin: 0px 3px 15px; text-indent: 30px; text-align: justify\" align=\"justify\">\r\n据台湾《联合报》消息，台“外交部”发言人夏季昌17日说，“形式未确定，但会与亚洲版主编联系沟通”。“驻英代表”沉吕巡说：“当然要去了解、澄清”，“代表处已做好一切准备”。</p>\r\n\r\n<p style=\"text-justify: distribute; margin: 0px 3px 15px; text-indent: 30px; text-align: justify\" align=\"justify\">\r\n沉吕巡强调，“代表处”对此类事件向来积极应对。他举例，英国摄政街商圈撤下“中华民国国旗”，“驻英代表处”强力交涉、抗议，便获得国际媒体高度关注，包括“伦敦标准晚报”以跨页及醒目照片，大幅报道。</p>\r\n\r\n<p style=\"text-justify: distribute; margin: 0px 3px 15px; text-indent: 30px; text-align: justify\" align=\"justify\">\r\n沉吕巡表示，《经济学人》这篇报道理很多论点可以讨论，比如，“总统”职权是“外交”、“国防”，“这四年多，总统在外交及两岸事务做得很好”，但报道中只注重经济面向。</p>\r\n\r\n<p style=\"text-justify: distribute; margin: 0px 3px 15px; text-indent: 30px; text-align: justify\" align=\"justify\">\r\n夏季昌则说，政府希望报导者对马英九施政整体绩效及所做努力“衡平地去看”，达到的成果及要克服的困难都有，“而非只看部分，抹煞在外交、两岸上非常好的成果”。他说，因大环境不佳，经济问题是世界各国都面临的难题，报道的批评有失公允。</p>\r\n\r\n<p style=\"text-justify: distribute; margin: 0px 3px 15px; text-indent: 30px; text-align: justify\" align=\"justify\">\r\n至於“代表处”与《经济学人》说明后，是否会以投书或其他方式表达台当局的立场？夏季昌说，“相信会有最妥适的处理”；过去“外交部”对岛内媒体的“不实报导”会发布澄清新闻稿，对海外媒体的报道，也有澄清机制。</p>\r\n\r\n<p style=\"text-justify: distribute; margin: 0px 3px 15px; text-indent: 30px; text-align: justify\" align=\"justify\">\r\n府方指出，马英九对目前成果也仍不满意，执政团队会上紧发条、全速前进，也希望全民能秉持信心和政府一起突破困境。外界质疑府方针对《经济学人》严厉批评回应云淡风轻，似乎不太重视。相关人士表示，《经济学人》内容呈现过去一段时间台湾发生的事情，却没有报道正面数据，有其偏颇；且没有撰稿记者的名字，令人猜疑，充其量只能说是“岛内媒体报导的总和”。　　　　　　　　</p>','来源：环球网综合',NULL,' 2012-11-18 10:35   ',NULL,0),(6,1,'菲律宾政府军与菲共反政府武装交火 致12死16伤','中新社马尼拉11月17日电 (记者 张明)菲律宾军方17日称，菲政府军17日凌晨在菲国北部的伊莎贝拉省与菲律宾共产党领导的反政府武装“新人民军”激烈交火，造成7名政府军士兵和5名反政府武装分子死亡，另有16人受伤。','<P>　　中新社马尼拉11月17日电 (记者 张明)菲律宾军方17日称，菲政府军17日凌晨在菲国北部的伊莎贝拉省与菲律宾共产党领导的反政府武装“新人民军”激烈交火，造成7名政府军士兵和5名反政府武装分子死亡，另有16人受伤。</P>\r\n<P>　　菲陆军代理发言人索贝哈那称，隶属菲陆军第5步兵师的一个侦察连队38人17日凌晨5时左右在进行例行安全巡逻时遭遇数十名“新人民军”武装分子，双方爆发激战，除12人死亡外，另有9名政府军士兵和7名“新人民军”武装分子受伤。</P>\r\n<P>　　索贝哈那透露，菲政府军用直升机空运官兵增援，与之前参战的政府军士兵一道追缉残余的“新人民军”武装分子。</P>\r\n<P>　　他还透露，第5步兵师另一个侦察连队16日凌晨1时左右也遭到“新人民军”武装分子枪击，但是没有造成伤亡。</P>\r\n<P>　　菲共领导的“新人民军”是菲国内主要反政府武装之一，自1969年以来，“新人民军”与菲律宾政府军之间的武装冲突据称已造成3万多人丧生。菲军方估计，目前“新人民军”约有4000多名武装人员，人数较上世纪80年代高峰时期的约2.6万人已大幅减少。</P>\r\n<P>　　菲政府2011年2月曾在挪威首都奥斯陆与菲共旗下的政治组织“全国民主阵线”重启和谈，双方原计划今年10月在奥斯陆再度和谈，但由于“全国民主阵线”方面要求菲政府先释放其关押的18名菲共及“新人民军”人员作为复谈条件，而政府方面则予以拒绝，双方之间的和谈再度陷入僵局。菲总统阿基诺10月曾表示，菲政府并未放弃同菲共领导的“全国民主阵线”达成政治解决方案，正努力与其恢复和谈。(完)</P>',' [稿源：中国新闻网] [作者：张明] ',NULL,'2012/11/18 7:24:09 ',NULL,0),(7,1,'中美警方联合破获跨国侵犯知识产权案 涉案50亿 ','　中新网11月18日电 据公安部网站消息，在公安部倡导下，近日，中国警方与美国移民海关执法局通过国际警务合作渠道，成功破获一起特大跨国侵犯知识产权犯罪案件。','<p>　　<a target=\'_blank\' href=\'http://www.chinanews.com/\' >中新网</a>11月18日电 据公安部网站消息，在公安部倡导下，近日，中国警方与美国移民海关执法局通过国际警务合作渠道，成功破获一起特大跨国侵犯知识产权犯罪案件。</p>\r\n\r\n<p>　　中国公安机关已抓获钱某等犯罪嫌疑人73名，捣毁制假售假窝点37个，缴获假冒“路易威登” 、“爱马仕”、“蔻驰”等名牌箱包2万多个，查明累计制售各种假冒名牌箱包96万余个，缴获制假设备17台(套)，以及用于收款转账的存折、银行卡91本(张)，涉案总价值50亿元人民币，彻底铲除一个向美国、中东等多个国家和地区贩卖假冒名牌箱包的生产源头。</p>\r\n\r\n<p>　　据了解，今年1月，广州市公安局侦查发现钱某等人大肆生产假冒 “路易威登”、“蔻驰”等品牌箱包，并向美国等国家和地区出口。鉴于案情重大，公安部即通过已建立的双边警务合作渠道向美国移民海关执法局通报案件线索，商请美方开展联合调查。双方研究决定采取联合执法行动，严厉打击跨国侵犯知识产权犯罪活动，共同摧毁这一跨国犯罪网络。</p>\r\n\r\n<p>　　在公安部统一指挥下，广东、福建、安徽等地公安机关紧密协作，逐步查明钱某等人生产加工、仓储运输、报关出口假冒箱包及其国内外资金往来等犯罪事实。5月29日，犯罪嫌疑人钱某再次囤积货源准备出口美国，公安部迅即指挥广东、福建、安徽等地公安机关联合开展收网行动，一举摧毁其产储运销整个犯罪产业链条。经查，2010年以来，钱某在广州市租用多处商铺、民宅设立“业务接待室”、“产品展示厅”，组织10余家地下窝点为其大肆生产假冒“路易威登”、“蔻驰”、“博柏丽”等名牌箱包及皮料、配饰，通过国外客户将大量假冒箱包走私运往美国、中东等多个国家和地区销售。钱某也因此获取巨额不法利润，其在案发前还斥巨资在安徽某地购置50亩土地，准备转移至安徽设厂继续从事制假犯罪。<table border=0 cellspacing=0 cellpadding=0 align=left><tr><td><div id=adhzh name=hzh>\r\n\r\n<!-- AdSame ShowCode: 中新网 / 新闻通发页 / 新闻通发页 画中画 Begin -->\r\n<script type=\"text/javascript\" src=\"http://adsame.chinanews.com/s?z=chinanews&c=30\" ></script>\r\n<!-- AdSame ShowCode: 中新网 / 新闻通发页 / 新闻通发页 画中画 End -->\r\n\r\n</div></td></tr></table></p>\r\n\r\n<p>　　这次行动是中美在打击侵犯知识产权犯罪领域的又一次成功联合执法行动，不仅显示了中国公安机关通过国际执法合作与有关国家警方携手打击各类违法犯罪活动的决心和能力，也再次体现了中国政府加强知识产权保护、打击侵犯知识产权犯罪的一贯坚定立场。','来源：中国新闻网',NULL,'2012年11月18日 09:24　',NULL,0),(8,1,'外媒关注中共新领导层：开启新气象','央视网特稿（网络新闻联播记者刘浩睿报道）2012年11月15日上午，中国共产党第十八届中央委员会第一次全体会议在北京人民大会堂召开，会议选举产生了新一届的中央政治局，并选举习近平、李克强、张德江、俞正声、刘云山、王岐山、张高丽为中央政治局常务委员会委员，至此，中国共产党完成了代际交替。11时53分，七位新当选的政治局常委第一次以新的身份集体出现在镁光灯下，会见中外记者。',' <P>　　央视网特稿（网络新闻联播记者刘浩睿报道）2012年11月15日上午，中国共产党第十八届中央委员会第一次全体会议在北京人民大会堂召开，会议选举产生了新一届的中央政治局，并选举习近平、李克强、张德江、俞正声、刘云山、王岐山、张高丽为中央政治局常务委员会委员，至此，中国共产党完成了代际交替。11时53分，七位新当选的政治局常委第一次以新的身份集体出现在镁光灯下，会见中外记者。</P>\r\n<P>　　对于这次见面会，外国媒体给高度重视。外媒关注最多的是中共新一届领导集体的构成、展现出来的精神面貌和他们将会为未来中国带来的影响。</P>\r\n<P>　　<STRONG>新一代领导人平易近人并且务实</STRONG></P>\r\n<P>　　见面会上，新当选的中共中央总书记习近平作了讲话。习近平的讲话和他所展现出的风貌，也成了媒体大众了解中共新领导层的第一个窗口。</P>\r\n<P>　　CNN在报道中评价称，习近平的致歉展现出他对待记者的友好，而在讲话正题部分，习近平提到了不少深深困扰民众内心的问题，也直面一系列中共内部亟待解决的问题，很富有人情味。</P>\r\n<P>　　BBC也评价习近平在见面会上表现沉着轻松，演讲感情丰富、打动人心。BBC认为，习近平总书记的讲话在内容上和胡锦涛主席在十八大开幕式上做的报告是一致的，但是习近平的表述“更加直接、更加口语化、更加平和，让人耳目一新”。报道引述新加坡国立大学东亚研究所资深研究员薄智跃的观点认为，习近平是另一种类型的领导人，“他可以同任何人共事。脚踏实地、易于相处”。</P>\r\n<P>　　美国《洛杉矶时报》11月15日报道称，习近平的演讲最引人注目的是强调需要改善民生，这篇将人民放在更重要位置的演讲被媒体形容为“一股亲民风格的清风”。报道认为，习近平的演讲让人们在这位领导人身上看到了改善民生的希望。</P>\r\n<P>　　<STRONG>领导层经历和知识背景成解析重点</STRONG></P>\r\n<P>　　十八届一中全会同时选出了25人构成的中央政治局和7名政治局常委，媒体更加关新一届中央领导层的经历和知识背景将会对未来的领导决策产生的影响。</P>\r\n<P>　　日本新闻网11月15日刊文总结了新一届中共领导班子的特点。文章认为，新一届领导班子大多具有上山下乡的人生经历，这使得他们具有更大的忍耐力和面对困难的勇气；高学历和具有国外研修考察经历的领导人同时会具有良好的知识素养和国际视野；中共新领导人的基层执政经历是他们拥有处理各种棘手问题的技巧和手腕的保证。</P>\r\n<P>　　美国《侨报》11月15日发表的社论认为，新的领导集体，大多出生于新中国成立之后，在改革开放后上的大学，“这让他们成为改革开放坚定的支持者”。文章说，胡锦涛在十八大报告中86次提到“改革”，这表明中共在党内外已经凝聚了改革的新共识和新动力，而新的中共领导层需要面对深层次的改革和全面的利益关系调整。他们不但需要“接好这一棒”，还要“跑好下一棒”。</P>\r\n<P>　　值得注意的一个事实是，无论是常委还是中央政治局委员，有经济学专业背景和法学专业背景的领导人数量增多，这可以视为经济发展和政治改革的保证。研究中国政治的首尔大学教授赵永南接受韩国《中央日报》的采访时表示，习近平是一个市场指向型的改革者，非常重视招商引资，会致力进行有利于市场的制度改革，中国的经济开放有望进一步扩大。韩国《朝鲜日报》也援引香港理工大学中国商业中心主任陈文鸿的观点，认为“中国新一届领导人将通过上调工资和扩大福利，致力于均衡社会财富”。</P>\r\n<P>　　<STRONG>统战外交政策将会更加灵活，为发展赢得和平稳定环境</STRONG></P>\r\n<P>　　中国作为政治大国在世界上的政治影响力不容置疑，近几年，国际政治事件中中国的态度也成了不容忽视的重要影响因素。中共高层领导换届，在统战政策、外交措施上将会呈现怎样的风气，即为媒体所关注，也让世界其他国家重视。</P>\r\n<P>　　在谈到对港关系时，新加坡《联合早报》11月16日发表评论称，虽然主管港澳事务的领导人选仍未确定，但是香港民建联主席谭耀宗认为，一度主管港澳事务、了解香港问题的习近平获推举为中共总书记，这对香港有好处。港区全国人大代表刘佩琼也认为，新一届领导人中多人熟悉香港，未来对港方针不会偏离胡锦涛的十八大报告。</P>\r\n<P>　　首尔大学教授赵永南在谈到新一届中共领导集体的外交政策时表示，习近平是一位实用型的民族主义者，他在领土主权问题上绝不会做出让步，但也会表现出一定的灵活性。赵永南还向《中央日报》表示，中美两国未来在军事和安全领域将产生一定的竞争与矛盾，美国将会宣扬亚洲国家对中国崛起的恐惧来维护自己在亚地位。</P>\r\n<P>　　美国《侨报》回忆了今年1月份习近平以国家副主席身份访美时所展现出的风格，认为这位喜欢运动和好莱坞大片的中共新领导人展现出特有的亲和力。随着奥巴马的连任和中共新领导人的产生，中美将会继续在矛盾与合作中拓展建立战略合作伙伴关系，而中国未来也将以更灵巧的手法使用外交策略，为未来中国发展的关键十年营造和平外部环境。</P>','[稿源：外媒关注中共新领导层：开启新气象',NULL,'2012/11/18 8:58:13 ',NULL,0),(9,1,'我国驻加大使驳“中国间谍”说：没证据请闭嘴','【环球网报道记者郭文静】美国一直指责中国的电信公司从事所谓的“间谍活动”，并以“威胁国家安全”为由对中国企业的海外投资多加阻挠。据加拿大广播公司(CBC)11月17日报道称，中国驻加拿大大使章均赛在接受CBC一档节目采访时，反驳所谓“中国企业参与间谍活动”的指控，并向那些对中国企业发出这种指控的人称，要么拿出证据，要么闭嘴。 ','【环球网报道记者郭文静】美国一直指责中国的电信公司从事所谓的“间谍活动”，并以“威胁国家安全”为由对中国企业的海外投资多加阻挠。据加拿大广播公司(CBC)11月17日报道称，中国驻加拿大大使章均赛在接受CBC一档节目采访时，反驳所谓“中国企业参与间谍活动”的指控，并向那些对中国企业发出这种指控的人称，要么拿出证据，要么闭嘴。 <BR><BR>&nbsp;&nbsp;&nbsp;&nbsp;章均赛说，“我可以肯定的说，我们的企业在其他国家是严格按照当地法律来做生意的……如果你真的有证据，那就拿出来。如果没有……那就请闭嘴。” <BR><BR>&nbsp;&nbsp;&nbsp;&nbsp;他还说，“即使是美国，也无法提供证据”。 <BR><BR>&nbsp;&nbsp;&nbsp;&nbsp;CBC报道指出，章均赛上述表态紧跟美国众议院情报委员会上个月发布的一项措辞严厉的报告。那份报告中对与中国两家电信公司华为和中兴做生意所涉及的安全风险发出警告。美国情报委员会主席在报告发布后的几天接受CBC采访时，警告称加拿大的国家安全同样也处于危险之中。 <BR><BR>&nbsp;&nbsp;&nbsp;&nbsp;章均赛对此反驳说，“所谓安全顾虑”到目前为止都是“无稽之谈”。他还指责对中国企业做出间谍指控是一种“冷战思维”。 <BR><BR>&nbsp;&nbsp;&nbsp;&nbsp;另据英国路透社此前报道，白宫今年年初就已完成对中国电信企业华为的一项调查，并未发现任何确凿证据表明“华为通过其产品制造和出口从事任何间谍活动”。 <BR><BR>&nbsp;&nbsp;&nbsp;&nbsp;我外交部在回应此事时强调，中国企业赴海外投资本质上与有关国家是互利共赢的。中方希望有关国家正确看待中国企业的投资经营，并为其创造公平、稳定的环境。\r\n\r\n<p style=\"float:right;\">（责任编辑：马常艳）</p>','来源：环球时报   ',NULL,'2012年11月18日 14:07   ',NULL,0),(10,1,'温家宝抵达金边 出席东亚系列峰会 ','　中新网北京11月18日电 (记者 张朔)当地时间18日下午2时许，中国总理温家宝乘坐的专机平稳降落在柬埔寨首都金边国际机场。随后两天多时间里，他将出席东亚系列峰会并对这个中国的传统友好邻邦进行正式访问。','<p>　　<a target=\'_blank\' href=\'http://www.chinanews.com/\' >中新网</a>北京11月18日电 (记者 张朔)当地时间18日下午2时许，中国总理温家宝乘坐的专机平稳降落在柬埔寨首都金边国际机场。随后两天多时间里，他将出席东亚系列峰会并对这个中国的传统友好邻邦进行正式访问。</p>\r\n\r\n<p>　　应东盟轮值主席国柬埔寨王国首相洪森、泰王国总理英拉·钦那瓦邀请，温家宝于18日至21日出席在柬埔寨金边举行的第15次中国-东盟(10+1)领导人会议、东盟与中日韩(10+3)合作15周年纪念峰会和第七届东亚峰会，并对柬埔寨和泰国进行正式访问。</p>\r\n\r\n<p>　　对于本次东亚系列峰会，中方近日也提出三点期待：促进信任与团结，深化务实交流与合作，推进各项机制并行发展。中方希望，在当前国际金融危机持续发酵、东亚经济下行压力加大的背景下，与会各国能共同应对危机，维护地区增长势头。</p>','来源：中国新闻网',NULL,'2012年11月18日 14:46　',NULL,0),(11,2,'北京中轴线高票入选世界文化遗产预备名单 ','中新社北京11月18日电国家文物局17日公布了中国世界文化遗产预备名单更新结果，北京中轴线(含北海公园)以高票正式入选。据悉，预备名单共入选28个省、直辖市、自治区以及香港特别行政区45个项目。除中轴线外，涉及北京的申遗项目还有大运河。','<p>　　中新社北京11月18日电\r\n国家文物局17日公布了中国世界文化遗产预备名单更新结果，北京中轴线(含北海公园)以高票正式入选。据悉，预备名单共入选28个省、直辖市、自治区以及香港特别行政区45个项目。除中轴线外，涉及北京的申遗项目还有大运河。</p>\r\n\r\n<p>\r\n　　此次中国世界文化遗产预备名单更新工作自2011年4月开始，遵循地方申报、专家审核、从严把握、规划先行的原则，对2006年的预备名单进行全面调整。北京的中轴线、云居寺和大运河段申报参选。其中，后两项是2006年版预备名单中的项目。最终北京中轴线和大运河北京段入选。</p>\r\n\r\n<p>\r\n　　据北京市文物局介绍，北京市参照联合国教科文组织关于世界遗产公约操作指南的要求，积极开展中轴线、北海等申报工作，编制了保护规划和申遗文本，实施了一系列修缮整治项目和宣传工作。经过国家文物局组织的实地考察、专家评估、集体评议等环节，北京中轴线(含北海公园)高票入选。</p>\r\n\r\n<p>\r\n　　中轴线既是北京城市框架的脊梁，又是展现北京历史文化名城的主线。建筑大师梁思成曾赞美这条中轴线：“一根长达八公里，全世界最长，也是最伟大的南北中轴线穿过全城。北京独有的壮美秩序就由这条中轴的建立而产生。”国内专家认为，中轴线是中原文化与马背文化的融合。</p>\r\n\r\n<p>\r\n　　北京城的中轴线形成于元代，明代时被向东移动了150米，形成现在的南起永定门、北至钟鼓楼，全长7.8公里的格局。目前，它是世界上现存最长的城市中轴线。这条线汇集了北京城市古建筑的精髓和传统街区，见证了这座古都的历史变迁。</p>\r\n\r\n<p>　　据介绍，此次北京中轴线能否晋级世界文化遗产，则要在中国提出正式申请之后，等待联合国教科文组织的最终评判。</p>\r\n\r\n<p>\r\n　　目前，北京旧城区内只有故宫博物院和天坛公园两处世界文化遗产。文物专家认为，虽然北京的九城格局和皇城格局已经不存在，但中轴线格局基本完整，中轴线是古都北京最辉煌的文化成就，完全有资格成为世界文化遗产。(完)</p>','来源：中国新闻网',NULL,'2012-11-18 14:44:33　',NULL,0),(12,2,'中国企业明年用工人数继续增加 人工成本上升成主忧','中广网北京11月18日消息（记者车丽）据中国之声《央广新闻》报道，中国企业家调查系统近日在北京发布“2012中国企业经营者问卷跟踪调查报告”称，中国企业明年用工人数仍将有所增加，但增长幅度可能低于往年。','<p>　　中广网北京11月18日消息（记者车丽）据中国之声《央广新闻》报道，中国企业家调查系统近日在北京发布“2012中国企业经营者问卷跟踪调查报告”称，中国企业明年用工人数仍将有所增加，但增长幅度可能低于往年。</p>\r\n<p>　　在这次调查当中，预计明年用工人数增加的企业经营者占到30%左右，增加的比减少的多出了12个百分点，不过这比去年下降了21个百分点。其中，像中西部地区的企业、大型企业、国有及国有控股企业公司，用工数量都会相对比较多。</p>\r\n<p>　　从结构上来看，报告显示，明年计划招收农民工的数量增加的企业占了27.8%，增加的比减少的多了3.5个百分点，这个数据比去年下降了18.8个百分点。在调查当中，明年计划招收大学生的数量增加的企业占到45%，比农民工要高。其中，像中西部地区、大型企业、国有及国有控股企业以及民营企业还有食品医药等行业，这些企业明年招收大学生的数量相对都会比较多。从这两组数据就可以看出来，明年企业招收大学生的数量增长要高于农民工。我国就业结构升级带来的需求变化趋势值得关注。</p>\r\n<p>　　此前，中国社科院人口与劳动经济研究所的副所长张车伟接受记者采访时说，其实现在缺人的是生产性企业，比如说制造业、建造业，他们招人比较困难，招收的也是普通的简单劳动者。而大学生的就业渠道更多体现在高端服务业上，更多的是在大城市。大学生增加了而高端服务的岗位增长却不够，没有大学生增长得快，这就反映了我国创新型的服务发展不够。不论从就业还是经济发展来看，加快这一方面的发展都是当务之急。</p>\r\n<p>　　此外，现在人工成本的上升已经成为我国企业面临的最主要的困难，在当前企业经营发展当中遇到的最主要困难的问题选项中，选择这个项目的企业占到75.3%，并且“人工成本上升”连续三年都排在所有项目的第一位，这应该引起相关部门的高度关注。</p>\r\n<p>　　<font face=\"楷体_GB2312\">（中央人民广播电台推出新闻热线4008000088，拨打热线电话即可将您手中的新闻线索第一时间反馈。我们将第一时间派出记者调查事件、报道事实、揭开真相。）</font></p>','来源：中国广播网',NULL,'2012-11-18 12:07   ',NULL,0),(13,2,'海峡两岸农博会·花博会在福建漳州开幕 ','新华网福州１１月１８日电（记者　许雪毅　刘旸）“第四届海峡两岸现代农业博览会·第十四届海峡两岸花卉博览会”１８日在福建漳州开幕。来自两岸和美国、澳大利亚、荷兰、新加坡、马来西亚、泰国等１０多个国家和地区的２０００余名嘉宾参会，其中台湾嘉宾近３００人。','<p>    新华网福州１１月１８日电（记者　许雪毅　刘旸）“第四届海峡两岸现代农业博览会·第十四届海峡两岸花卉博览会”１８日在福建漳州开幕。来自两岸和美国、澳大利亚、荷兰、新加坡、马来西亚、泰国等１０多个国家和地区的２０００余名嘉宾参会，其中台湾嘉宾近３００人。</p>\r\n<p>    中国国民党副主席林丰正在开幕式上致辞表示，从２００６年回到祖籍地漳州祭祖以来，这是第７次来到漳州，每次回来心里总有一份激动和感动。漳州素有“花果之乡”“鱼米之乡”的美誉，是大陆最早设立的对台农业交流合作基地之一，建立了海峡两岸农业合作实验区、台湾农民创业园以及海峡两岸水产品加工集散地等对台农业交流合作平台。海峡两岸花博会和农博会的举办更增加了其他许多项目，相信两岸农业交流合作会变得越来越有成效。</p>\r\n<p>    此次农博会和花博会突出对台特色。会上设置了“台湾精品馆”，组织近百家台湾本土企业参展，集中展示台湾优质食品、精致农业和民俗风情。邀请台湾兰花产销发展协会和台湾兰花育种协会参与，展示台湾精品花卉和两岸花卉产业交流合作成果。</p>\r\n<p>    此外，博览会突出现代农业，向两岸农业发达地区征集展品，集中展示农业新品种、新技术、新机具、新肥料、新农药“五新”产品达一万多种；突出花卉园艺，设置６０００平方米花卉展区，采用多媒体展示海峡两岸以及荷兰等地的特色园林景观、花卉成果信息等；漳州作为大陆第三个、南方第一个“中国食品名城”，首次与中国食品工业协会、台湾食品产业发展协会合作举办“海峡两岸食品博览会”，并邀请山东烟台、河南漯河两个“食品名城”参与协办，打造专业食品展会。</p>\r\n<p>    本届博览会主展期８天，秉承“花开两岸、合作双赢”的办会主题，除“农博会·花博会”外，还将举办海峡两岸食品博览会、首届漳州天宝香蕉文化节暨福建省第九届灯谜艺术节、第六届中国蘑菇节、海峡两岸现代农业物流产业高峰会议、海峡两岸休闲食品嘉年华等一系列活动。</p>\r\n<p>    据悉，本届博览会可望签约项目６１个，总投资２３９亿元，其中外资项目３５个，总投资６９．８８亿元。</p>\r\n<p>    １９９９年以来，由国家有关部委和福建省人民政府共同主办的“海峡两岸花博会”，已经连续在福建漳州成功举办十三届，２００９年开始举办的“海峡两岸农博会”，已成为海峡两岸知名会展品牌。</p>','来源： 新华网',NULL,'2012年11月18日 16:32:05',NULL,0),(14,2,'2000社区基本公共服务年内全覆盖','　昨天（17日），北京市委社会工委与中央国家机关工委《紫光阁》杂志社、市委《前线》杂志社联合召开了“学习贯彻党的十八大精神 不断加强首都社会建设”座谈会，来自全市社会领域的各方面代表参加会议畅谈学习体会。市委常委陈刚要求全市社会建设要一手抓保障和改善民生，一手抓社会体制改革。 ','　原标题 2000社区基本公共服务年内全覆盖 \r\n<P>　　作者：王薇 \r\n<P>　　北京市委社会工委“学习贯彻党的十八大精神 不断加强首都社会建设”座谈会——\r\n<P>　　昨天（17日），北京市委社会工委与中央国家机关工委《紫光阁》杂志社、市委《前线》杂志社联合召开了“学习贯彻党的十八大精神 不断加强首都社会建设”座谈会，来自全市社会领域的各方面代表参加会议畅谈学习体会。市委常委陈刚要求全市社会建设要一手抓保障和改善民生，一手抓社会体制改革。 \r\n<P>　<STRONG>　■改善民生要站在更高层次、可持续 </STRONG>\r\n<P>　　陈刚提出，十八大报告对公共服务体系的责任主体、范围和能力提出了新要求，强调要加快形成政府主导、覆盖城乡、可持续的基本公共服务体系。 \r\n<P>　　在改善民生方面，本市各相关部门、各区县、街道、社区做了大量工作，取得了较好的成效。十八大对改善和保障民生工作提出了更高的要求，作为统筹全市社会建设和社会公共服务的社会工作机构，如何站在更高层次上研究改善民生工作，这是贯彻落实十八大精神需要研究探索的新课题。 \r\n<P>　<STRONG>　■社会体制改革要走在全国前列、有突破 </STRONG>\r\n<P>　　陈刚表示，十八大报告在社会建设问题上独立成章，明确了今后我国在社会建设上的两大任务：改善民生和创新管理。在创新管理方面，多年来，北京市在推进社会建设和社会体制改革的工作上不断创新，这次创新管理被写进了报告，是对5年来本市所有社会建设工作者们所做的全面探索的肯定和鼓舞。 \r\n<P>　　陈刚要求，按照党的十八大要求，本市社会建设部门要一手抓改善民生，一手抓社会体制改革，进一步加快推进社会服务管理体制创新，要在社会体制改革方面继续走在全国前列。 \r\n<P>　　<STRONG>■明年实现社区服务和街道网格化全覆盖 </STRONG>\r\n<P>　　市委社会工委书记宋贵伦表示，近年来，本市着力推进社会服务体系创新，加快形成城乡一体、全面覆盖的基本公共服务体系。 \r\n<P>　　据了解，按照工作部署，11月底前，2000个社区基本公共服务全覆盖项目都要完成，到时，本市2700个城市社区中将有超过七成的社区居民能够享受到更加便利的生活服务。明年底前，本市将率先实现社区基本公共服务全覆盖，网格化在街道、乡镇也基本实现全覆盖。 　　</P>','千龙网',NULL,'12-11-18 08:36:08',NULL,0),(15,2,'明年起购酒需出示身份证 全球\"未成年人禁酒\"面面观','中广网北京11月18日消息 据中国之声《全球华语广播网》报道，从明年开始，购买酒类商品将要使用“身份证”了，平时我们可能买酒都是不论大人、小孩，只要拿着人民币都可以卖给你，谁都可以买。现在商务部正在广泛征求意见的《酒类流通管理办法》中规定，我国酒类流通将实行经营者备案登记制度和溯源制度。','<p>　　中广网北京11月18日消息 据中国之声《全球华语广播网》报道，从明年开始，购买酒类商品将要使用“身份证”了，平时我们可能买酒都是不论大人、小孩，只要拿着人民币都可以卖给你，谁都可以买。现在商务部正在广泛征求意见的《酒类流通管理办法》中规定，我国酒类流通将实行经营者备案登记制度和溯源制度。</p>\r\n<p>　　不难看出，今后对酒类商品的管理更加严格了。这个《办法》里有一个规定，家长也好，社会也好，最关心的话题就是“向未成年人卖酒”的条款。</p>\r\n<p>　　商务部正在向社会公开征求意见的《酒类流通管理办法》中规定，酒类经营者不得向未成年人销售酒类商品，并应当在经营场所显著位置予以表明。必要的时候，酒类经营者还应当要求购买酒类商品的消费者出示有效的身份证件。对于这样的规定，不少经营者认为执行起来有困难。</p>\r\n<p>　　<font face=\"楷体_GB2312\">经营者：这个没法强制，比如大人让一个孩子去买酒，这个不好说，一旦实行起来有难度。你让所有的人买酒都拿身份证，这还有点难度。</font></p>\r\n<p>　　意见稿还规定了惩处力度，向未成年人销售酒类商品的经营者处以2000元以下的罚款。</p>\r\n<p>　　其实在很多国家，有限制地销售酒类商品，并不罕见。很多人都知道英国人最喜欢在下班后喝一杯酒，酒早就成为他们生活的一种必需品了。但是全社会对未成年买酒这个事，都非常关注。英国留学生张闻讲述了一件她在英国超市里发生的事情：</p>\r\n<p>　　<font face=\"楷体_GB2312\">张闻：从买酒这个角度上来说我接触的有两个方面，一个是你在英国的超市里买酒，另外一个是你在英国的酒吧里买酒。英国是一个酒文化非常盛行的国家，大家下班最大的娱乐就是到酒吧里、站在街上喝一杯啤酒。但是在这个过程当中，亚洲的同学就会发现一个普遍的困惑，因为亚洲人长得比较显年轻，所以我自己在买酒的过程当中多次遇到别人向我查身份证件，他才能把酒卖给你。在超市，我曾经买过酒精含量低于4%的酒，我个人认为这应该已经算果酒，不能算在酒精大的范畴当中。在超市结帐的时候，我没有带身份证件，当时收银员拒绝把这瓶酒卖给我。之后我又让其他带了身份证件的同学来帮我买这瓶酒，结果受到这名售货员非常严厉的指责并且拒绝卖给我酒。在英国整个社会对于未成年人买酒的要求非常严格，执行情况也基本令人满意。</font></p>','来源：中国广播网 ',NULL,'2012-11-18 14:15   ',NULL,0),(16,2,'水压不够住户抢水洗漱 交涉一年多未解决','晨报讯（记者 彭小菲）近日，家住丰台区卢沟桥路五里店6号楼的王先生反映，最近几年，每到用水高峰，高层住户便会遭遇家中无水可用的窘境，每天大清早起床抢水洗漱、储水成为家常便饭，令居民苦不堪言。昨天，记者联系到该楼的产权单位和管理单位得知，双方就水管改造问题已交涉一年多时间，而资金问题是协商未果的主因。 ','原标题：水压不够 住户抢水洗漱 \r\n<P>　　两单位就预算扯皮 交涉一年多未解决 \r\n<P>　　晨报讯（记者 彭小菲）近日，家住丰台区卢沟桥路五里店6号楼的王先生反映，最近几年，每到用水高峰，高层住户便会遭遇家中无水可用的窘境，每天大清早起床抢水洗漱、储水成为家常便饭，令居民苦不堪言。昨天，记者联系到该楼的产权单位和管理单位得知，双方就水管改造问题已交涉一年多时间，而资金问题是协商未果的主因。 \r\n<P>　　“早上5点就要起来洗漱，然后把一天要用的水提前用桶接出来，不然连做饭都成问题”。记者从居民口中得知，最近3年，每到早晚用水高峰，家中便会出现断水情况，即便偶尔有水，水量也很小，根本无法满足正常用水需要。“白天旁边单位用水量一大，我们这里也会断水。”六层的住户王先生表示，为了保证每天用水，居民们不得不避开高峰时段，提前起床洗漱和储水。 \r\n<P>　　记者了解到，该楼主要是四至六层的居民家存在这一问题，有的居民甚至在家中自行安装抽水泵，但效果也不明显。“没水的时候根本抽不上来，还是要改造水管才行。”王先生称，曾多次找到管理单位和产权单位，但至今没得到准确答复。 \r\n<P>　　昨天，记者分别联系该楼的产权单位中国外运北京公司和管理单位中外运久凌储运有限公司。“因为这个楼是自来水管网的尾端，所以前面一用水，后边压力就低了，水自然上不来。等资金批下来，自来水公司就可以派人改造，加粗管道。”中外运久凌储运有限公司纪先生表示，“10月份我们已经上交了一份预算报告，双方就金额分配还在协商。” \r\n<P>　　中国外运北京公司张先生则表示，由于该楼的产权和管理单位分属两家，因此出资问题还在协商。“已经谈了一年多，我们提出两家公司各负担一半费用，但是久凌那边一直没有答复”。张先生称，双方都希望为居民解决用水问题，争取尽快协商出结果。</P>','千龙网',NULL,'2012-11-18 01:50:53',NULL,0),(17,2,'香港警方展开连续8天扫黑行动 打击黑帮收入来源 ','　　中新网11月18日电  据香港文汇报报道，香港警方为打击新界区黑帮收入来源，由上周五开始，一连8日采取代号“天岁”行动，搜查元朗区多处目标地点，包括捣破地下赌档及无牌卖酒士多等，共拘捕46名男女，检获总值1.6万元的啤酒。另尖沙咀及大埔警方昨亦分途出击，分别捣破贩毒楼上吧及毒品分销中心，检获逾3万元毒品，拘捕4名男女。 ','<div class=\"left_zw\" style=\"position:relative\">  \r\n<p>　　<a target=\'_blank\' href=\'http://www.chinanews.com/\' >中新网</a>11月18日电&nbsp; 据香港文汇报报道，香港警方为打击新界区黑帮收入来源，由上周五开始，一连8日采取代号“天岁”行动，搜查元朗区多处目标地点，包括捣破地下赌档及无牌卖酒士多等，共拘捕46名男女，检获总值1.6万元的啤酒。另尖沙咀及大埔警方昨亦分途出击，分别捣破贩毒楼上吧及毒品分销中心，检获逾3万元毒品，拘捕4名男女。<table border=0 cellspacing=0 cellpadding=0 align=left><tr><td><div id=adhzh name=hzh>\r\n\r\n<!-- AdSame ShowCode: 中新网 / 新闻通发页 / 新闻通发页 画中画 Begin -->\r\n<script type=\"text/javascript\" src=\"http://adsame.chinanews.com/s?z=chinanews&c=30\" ></script>\r\n<!-- AdSame ShowCode: 中新网 / 新闻通发页 / 新闻通发页 画中画 End -->\r\n\r\n</div></td></tr></table></p>\r\n\r\n<p>　　打击三合会及堵截其收入来源一直为警方首要任务之一，早前警方以情报作主导，调查元朗区内黑帮活动，至上周五展开代号“天岁”(SKYAGE)的扫荡行动，期间出动元朗警区刑事部人员，一连8日突击搜查多处目标地点，共拘捕46名男女。其中在前日(16日)晚10时许的行动中，探员掩至元朗安宁路一间士多搜查，揭发上址无牌卖酒，当场拘捕涉嫌无牌卖酒的46岁姓李女负责人、及涉嫌协助无牌卖酒的47岁姓刘女职员。另外4名39至53岁的男女顾客则涉在无领取牌照的地方饮酒被捕，探员共检获600支总值约1.6万元啤酒。</p>\r\n\r\n<p>　　“天岁”行动中被捕的46名男女，年龄由16至53岁，部分怀疑有三合会背景，当中31人为男性，15人为女性，分别涉及“非法聚赌”、“非法经营赌博场所”、“自称三合会成员”及“伤人”等罪行。部分人已被落案起诉，其余获准保释候查。</p>\r\n\r\n<p>　　另外，油尖警区特别职务队根据线报，怀疑尖沙咀金马伦道37号一间楼上酒吧暗中向顾客兜售毒品，遂于昨凌晨持搜查令，带同缉毒犬掩至突击搜查，不料有人拒绝开门，警员破门而入，当场制服及拘捕2名职员，检获50小包“K仔”及7小包可卡因毒品，总值逾2万元。被捕2名职员分别姓严(19岁)及姓关(22岁)，稍后将被落案控以贩毒罪名。另外探员又在酒吧内发现3男1女(16至17岁)未成年人士，一并带回警署，再通知其家长接走。</p>\r\n\r\n<p>　　新界北总区情报组及大埔区特别职务队，昨午3时许在上水清晓路截查一对19岁情侣，检获少量冰毒，再押回其租住的私人屋苑寓所搜查，再检获约17克、约值1万元的“冰”毒，及一批包装工具等。警方相信2人将单位辟作毒品分销中心，分销毒品到新界北区一带娱乐场所。<div id=\"function_code_page\"></div>  </div>','来源：中国新闻网',NULL,'2012年11月18日 12:05　',NULL,0),(18,2,'我国外贸增幅或低于GDP增幅','　据新华社上海11月17日电 中国今年对外贸易增幅预计在6％左右，低于国内生产总值（GDP）增幅，但明显高于今年世界贸易的平均增幅，中国在世界贸易中的占比依然能在困境中实现增长。','<p>　　据新华社上海11月17日电 中国今年对外贸易增幅预计在6％左右，低于国内生产总值（GDP）增幅，但明显高于今年世界贸易的平均增幅，中国在世界贸易中的占比依然能在困境中实现增长。</p><p>　　这是17日在上海对外贸易学院举行的“2012年中国国际贸易学会年会暨国际贸易发展论坛”上发出的重要信息。</p><p>　　据商务部相关负责人介绍，相比去年同期，10月份中国外贸实现了7．3％的增长，出口甚至出现了11．6％的两位数增长，由此拉动1－10月外贸同比增长6．3％，出口同比增长7．8％。但是，进入11月份后，进出口相关数据又出现了明显负增长，说明中国外贸筑底企稳的基础仍不牢固。</p><p>　　商务部部长陈德铭近日曾表示，中国原定今年进出口增长10％左右，目前看来，完成目标任务非常艰巨。</p>','来源：福建日报',NULL,'2012年11月18日08:23   ',NULL,0),(19,2,'增长16.3% 前10月重庆工业增速全国第二 ','尽管国内外经济下行压力加大，但在笔记本电脑等产业强势拉动下，重庆工业仍拿出漂亮成绩单。市经信委昨日发布消息称，今年1~10月，重庆市规模以上工业增加值增长16.3%，比全国高出6.3个百分点，增速居全国第二位。','<p>　　尽管国内外经济下行压力加大，但在笔记本电脑等产业强势拉动下，重庆工业仍拿出漂亮成绩单。市经信委昨日发布消息称，今年1~10月，重庆市规模以上工业增加值增长16.3%，比全国高出6.3个百分点，增速居全国第二位。</p>\r\n<p>　　从数据上看，今年1~10月，重庆市规模以上工业实现产值10868亿元，同比增长18.3%。其中,轻工业完成3085亿元，同比增长19.7%，重工业完成7783亿元，同比增长17.8%。规模以上工业增加值增长16.3%，比全国高6.3个百分点。</p>\r\n<p>　　官方分析认为，今年1~9月、1~10月，重庆工业增速均名列全国第二位，这说明重庆工业稳中有升，保持了高位运行。</p>\r\n<p>　　对于为何重庆市工业经济逆势上扬，市经信委分析，主要有五大因素推动。</p>\r\n<p>　　首先是重庆市密集出台了一系列“稳增长”政策措施。例如，一季度出台了提振实体经济政策，二季度出台了重点支持150户重点增长企业的政策，三季度出台了支持300多户重点企业稳定促销的政策措施等。其次，电子、汽车等支柱产业强势拉动工业增长。第三大推动因素，是重庆市工业结构日趋合理，抗风险能力明显增强，工业投资也稳步上升。第四大因素则是强化调度，能源保障有力。另外，通过设立民营经济发展专项资金等措施，大批民企获得“输血”。</p>\r\n<p>　　照计划，今年全年，重庆市将力争实现规上工业总产值同比增长18%以上，规模以上工业增加值增长16%左右。</p>\r\n<p>　　今年，重庆市将初步建成全国最大、具有国际影响力的电脑产业集群和打印机生产基地，实现全球电脑5台有1台“重庆造”、全球7台打印机有1台“重庆造”。同时将确保摩托车、通用发动机、齿轮加工机床、船用齿轮箱、船用钢板、中厚铝板、铜粉、醋酸乙烯、亚氨基二乙腈9个传统产业主要产品的市场份额继续保持全国第一的地位，这意味着，一大批“重庆造”产品将在国内外市场上占有一席之地。</p>\r\n<p>　　记者 孙黎明</p>','来源： 重庆商报',NULL,'2012年11月18日 08:57:02',NULL,0),(20,2,'明年起坐火车不再被强制买保险 赔偿不再仅15万','南都讯 记者彭美发自北京　已经实施61年的铁路强制保险终于将从明年1月1日起取消，意味着所有乘坐火车的乘客不再被强制购买票价2%的“人身意外伤害强制保险费”。同时，铁路运输企业对旅客人身伤害的赔偿责任也不再限定为最高15万元。','<p>　　尽管国内外经济下行压力加大，但在笔记本电脑等产业强势拉动下，重庆工业仍拿出漂亮成绩单。市经信委昨日发布消息称，今年1~10月，重庆市规模以上工业增加值增长16.3%，比全国高出6.3个百分点，增速居全国第二位。</p>\r\n<p>　　从数据上看，今年1~10月，重庆市规模以上工业实现产值10868亿元，同比增长18.3%。其中,轻工业完成3085亿元，同比增长19.7%，重工业完成7783亿元，同比增长17.8%。规模以上工业增加值增长16.3%，比全国高6.3个百分点。</p>\r\n<p>　　官方分析认为，今年1~9月、1~10月，重庆工业增速均名列全国第二位，这说明重庆工业稳中有升，保持了高位运行。</p>\r\n<p>　　对于为何重庆市工业经济逆势上扬，市经信委分析，主要有五大因素推动。</p>\r\n<p>　　首先是重庆市密集出台了一系列“稳增长”政策措施。例如，一季度出台了提振实体经济政策，二季度出台了重点支持150户重点增长企业的政策，三季度出台了支持300多户重点企业稳定促销的政策措施等。其次，电子、汽车等支柱产业强势拉动工业增长。第三大推动因素，是重庆市工业结构日趋合理，抗风险能力明显增强，工业投资也稳步上升。第四大因素则是强化调度，能源保障有力。另外，通过设立民营经济发展专项资金等措施，大批民企获得“输血”。</p>\r\n<p>　　照计划，今年全年，重庆市将力争实现规上工业总产值同比增长18%以上，规模以上工业增加值增长16%左右。</p>\r\n<p>　　今年，重庆市将初步建成全国最大、具有国际影响力的电脑产业集群和打印机生产基地，实现全球电脑5台有1台“重庆造”、全球7台打印机有1台“重庆造”。同时将确保摩托车、通用发动机、齿轮加工机床、船用齿轮箱、船用钢板、中厚铝板、铜粉、醋酸乙烯、亚氨基二乙腈9个传统产业主要产品的市场份额继续保持全国第一的地位，这意味着，一大批“重庆造”产品将在国内外市场上占有一席之地。</p>\r\n<p>　　记者 孙黎明</p>','来源：云南网　',NULL,'2012-11-17 08:10:19',NULL,0),(21,3,'韩总统候选人文在寅:将由安哲秀决定一体化方案','  民主统合党总统选举候选人文在寅18日在李海瓒等党内领导人士表示卸任意向后，在首尔永登浦民主党部办公楼召开紧急记者会，呼吁尽快重启一体化谈判。（韩联社）','<p>　　<a target=\'_blank\' href=\'http://www.chinanews.com/\' >中新网</a>11月18日电 据韩联社报道，韩国民主统合党总统选举候选人文在寅18日在李海瓒等党内领导人士表示卸任意向后，在首尔永登浦民主党部办公楼召开紧急记者会，呼吁早日重启一体化谈判，希望安哲秀方面能快下决定。<table border=0 cellspacing=0 cellpadding=0 align=left><tr><td><div id=adhzh name=hzh>\r\n\r\n<!-- AdSame ShowCode: 中新网 / 新闻通发页 / 新闻通发页 画中画 Begin -->\r\n<script type=\"text/javascript\" src=\"http://adsame.chinanews.com/s?z=chinanews&c=30\" ></script>\r\n<!-- AdSame ShowCode: 中新网 / 新闻通发页 / 新闻通发页 画中画 End -->\r\n\r\n</div></td></tr></table></p>\r\n\r\n<p>　　文在寅表示，采用民意调查时，时间上已经不允许采用陪审员投票或审议式民调，但可以部分通过现场投票或国民参与竞选的方式等，将一体化的大方向全面交给安哲秀方面来决定。所谓的审议式民调，就是让候选人直接面对选民，由选民提问，候选人必须公开表达他对该议题的政策主张，不但无法回避，而且还要接受民众当场的质疑。这种方式可以使国民关注的议题成为选举的焦点，而不是政治人物和媒体设定选举议题。</p>\r\n\r\n<p>　　他还说，安哲秀方面做出决定后，将不分昼夜就具体实行方案进行磋商。希望一体化谈判能立刻重启，应该尽量缩短谈判时间。</p>\r\n\r\n<p>　　安哲秀当天在访问光州时表示，将在尽快的时日内会见文在寅。对此，文在寅表示欢迎，他说，随时能与安哲秀方面见面，希望在谈判重启时能发表“新政治共同宣言”。</p>\r\n\r\n<p>　　就一体化可能在候选人登记日之后实现的推测，文在寅强调，已经承诺在候选人登记前实现一体化，要在登记前实现一体化，最晚应在24日决定一体化后在野党的候选人，为此要实行民意调查时，就具体的调查方法在20日之前应该达成协议。</p>\r\n\r\n<p>　　就领导班子的辞职意向，文在寅表示，李海瓒代表等人作出了艰难的决定。他们为了政权交替与在野党的一体化打开了道路，对此表示由衷感谢。已开始的民主党革新与政治革新的道路进一步拓宽，已经发表的政治革新案与日后要宣布的新政治共同宣言将成为政党革新与政治改革的路线图。','来源：中国新闻网',NULL,'2012年11月18日 15:33　',NULL,0),(22,3,'美“领跑”页岩气开发牵动全球能源变局','新华网北京１１月１８日电（记者杨骏）一场能源供应领域的变革正在美国上演。１０年前美国对页岩气的开采还微不足道，而现在它已占该国天然气开采总量的约四分之一。美国相关部门估计，到２０３５年这一比例将提高到约５０％。有媒体评论说，这对一直寻求能源独立的美国来说，已是一场实实在在的“能源革命”。','<p>    新华网北京１１月１８日电（记者杨骏）一场能源供应领域的变革正在美国上演。１０年前美国对页岩气的开采还微不足道，而现在它已占该国天然气开采总量的约四分之一。美国相关部门估计，到２０３５年这一比例将提高到约５０％。有媒体评论说，这对一直寻求能源独立的美国来说，已是一场实实在在的“能源革命”。</p>\r\n<p>  <strong><font color=\"navy\">  “页岩气革命”影响美国和全球</font></strong></p>\r\n<p>    随着页岩气产量迅速提高，国际能源署预计，到２０１５年美国将超越俄罗斯成为全球最大天然气生产国。</p>\r\n<p>    美国能源当局则预测说，页岩气将取代煤炭而成为仅次于石油的美国第二大能源资源，而且可能改变美国能源生产格局。</p>\r\n<p>    目前，页岩气产量增加拉低了能源价格，已成为美国振兴制造业的一大法宝。欧洲空中客车公司等许多国际大企业将一些制造项目迁入美国，看重的正是当地低廉的能源价格。</p>\r\n<p>    此外，得益于页岩气革命中的“水力压裂”技术，页岩油（一种石油）的产量也飞速增加，使美国石油产量强劲反弹，导致２０１１年，美国自１９４９年以来首次成为精炼石油产品净出口国。国际能源署认为，到２０２０年美国将成为全球最大原油生产国。美国康菲石油公司总裁瑞安·兰斯最近甚至表示，到本世纪２０年代中期美国将不必进口石油。</p>\r\n<p>    包括《时代周刊》《华盛顿邮报》等媒体评价说，美国页岩气成功开发极有可能成为全球页岩油气开发的“引擎”，驱动能源产业出现一场革命……</p>\r\n<p>    而日本《朝日新闻》则认为，页岩气领域的革命大大提升美能源独立性，使美国出现“摆脱中东”动向，这将对全球地缘政治格局产生重要影响。</p>\r\n<p>  <font color=\"navy\"><strong>  页岩气开发瓶颈凸显</strong></font></p>\r\n<p>    得益于多年来的技术进步，页岩气开发在美国如火如荼地进行着。然而环境污染隐忧、与人争水等难题始终伴随着页岩气开发。</p>\r\n<p>    页岩气开采的核心技术是水平井钻井法和水力压裂法（或称压裂法）。美国超过一半的天然气都是通过压裂法开采获得。该方法是用“压裂液体”，即化学物质夹杂着大量水、泥沙，用高压注入地下井，压裂邻近的岩石构造，扩张裂口，使天然气能流入井中得以收集。但是这些活动可能会对环境和人类健康产生负面影响，其中包括污染空气、水源和土壤等。</p>\r\n<p>    更何况，页岩气生产区往往是缺水区，而该产业又必须消耗大量水资源，这就形成了一对矛盾，使其生产不可能无限制地快速增加。</p>\r\n<p>    由于诸多不利因素，美国纽约州和特拉华盆地已叫停了在该地区的水力压裂项目。各州和联邦政府还在制定更严格的管理条例，力图减轻页岩气开发所产生的环境影响。因此未来页岩气革命能否如前十年那样“高歌猛进”，有待观察。</p>\r\n<p> <font color=\"navy\"><strong>   美国“页岩气革命”能否复制？</strong></font></p>\r\n<p>    美国“页岩气革命”也激发了全球对页岩气勘探开发的强烈兴趣。但美国的开发模式能否复制，需要考虑许多因素。</p>\r\n<p>    首先，需要发达的管道基础设施。美国有２１０条天然气管道，超过４８万公里，覆盖每一个主要市场和页岩气区，这减少了开发的前期投入，是页岩气开发具备效益的直接基础。相比之下，欧洲和中国的管道里程和密度远少于美国，中国的里程仅为美国的十分之一。</p>\r\n<p>    其次，技术要求非常高。页岩气开发是一个系统、庞杂的工程，美国页岩气开发技术包含了钻井、测井、录井、完井、压裂、酸化以及提高采收率系统等技术。经过十几年的摸索，美国的技术体系才趋于成熟，使打一口页岩气井的成本低于其他国家数倍，而单井产量大幅提升。</p>\r\n<p>    第三，环境因素制约。开采页岩气所需的水力压裂技术会产生一些化学物质，这些物质很容易渗入地下水中。因此，欧洲人对页岩气开采明显更为犹豫，法国等多数欧洲国家就一直禁止水力压裂技术。即使在美国，页岩气开采主要集中在人口密度很低的地区，以防开采对周边居民健康带来损害。</p>\r\n<p>    第四，需要完善市场机制。美国能源市场体系较为成熟，政府为鼓励开发页岩气降低了准入门槛，使大量中小企业进行页岩气开发勘探，政府的减税措施更激发了它们投资及技术研发热情，众多企业的技术进步，加之管网对页岩气供应商的无歧视准入，最终使页岩气开采实现了经济性基础。</p>\r\n<p>    业内众多专家认为，忽视页岩气开发对美国乃至全球的政治经济影响，是莫大的错误，但也不应过分拔高页岩气开发作用。其是否足以促使美国工业复兴、美国开发模式能否全球复制，以及其开发能否进一步减小环境污染，这些问题都需要时间来回答。</p>','来源： 新华网 ',NULL,'2012年11月18日 11:45:23',NULL,0),(23,3,'美国华裔副警长涉嫌抢劫银行被拘控','美国旧金山县法警局华裔副警长唐春 (PhilipChunTong音译）涉嫌打劫银行，被控以两项重罪。','<p>美国旧金山县法警局华裔副警长唐春&nbsp;(PhilipChunTong音译）涉嫌打劫银行，被控以两项重罪。36岁被告本月7日下午约4时47分，走入旧金山列治文区的美国银行内，向柜枱人员&nbsp;递上纸条，称自己携带武器，要求交出现金，获1,700美元后随即离去。旧金山警察局其后从银行获得唐春索钱的纸条，又从闭路电视取得他的现场照片，将他&nbsp;拘捕。</p>','古汉台网',NULL,'2012-11-17 15:06:40 ',NULL,0),(24,3,'普京谈叙局势:迫使领导人下台前需先考虑好未来 ','　中新网11月18日电 据俄新网报道，俄总统普京日前重申了俄罗斯对中东局势的立场，称各利益方需要首先就未来局势达成一致，然后再让现任领导人离职。','<p>　　<a target=\'_blank\' href=\'http://www.chinanews.com/\' >中新网</a>11月18日电 据俄新网报道，俄总统普京日前重申了俄罗斯对中东局势的立场，称各利益方需要首先就未来局势达成一致，然后再让现任领导人离职。</p>\r\n\r\n<p>　　普京在同德国总理默克尔的会谈结束后召开的发布会上说：“我们认为，首先需要就未来局势达成一致，首先需要弄明白，各个种族与宗教团体的权利和利益将如何得到保障，而后再进行政权更迭，而不是反过来：先解雇领导人，然后才考虑接下来怎么做。”</p>\r\n\r\n<p>　　他认为，任何国家都不希望其边境附近出现混乱。</p>\r\n\r\n<p>　　叙利亚的军事冲突已持续1年半余，据联合国称，目前死亡人数在2万到3万之间。','来源：中国新闻网',NULL,'2012年11月18日 15:32　',NULL,0),(25,3,'报告称美亚裔人口超1800万 购买力将达1万亿美元','中新网11月18日电 据美国《侨报》报道，随着亚裔人口在美国的迅速增长，亚裔消费者成为商家不可忽视的消费族群。全球著名资讯和统计公司尼尔森(Nielsen)16日首次公布亚裔美国人消费者调查报告。报告显示，美国的亚裔人口已超过1800万，亚裔消费者的购买力在2017年可达1万亿美元。','<div class=\"left_zw\" style=\"position:relative\">  \r\n<p>　　<a target=\'_blank\' href=\'http://www.chinanews.com/\' >中新网</a>11月18日电 据美国《侨报》报道，随着亚裔人口在美国的迅速增长，亚裔消费者成为商家不可忽视的消费族群。全球著名资讯和统计公司尼尔森(Nielsen)16日首次公布亚裔美国人消费者调查报告。报告显示，美国的亚裔人口已超过1800万，亚裔消费者的购买力在2017年可达1万亿美元。<table border=0 cellspacing=0 cellpadding=0 align=left><tr><td><div id=adhzh name=hzh>\r\n\r\n<!-- AdSame ShowCode: 中新网 / 新闻通发页 / 新闻通发页 画中画 Begin -->\r\n<script type=\"text/javascript\" src=\"http://adsame.chinanews.com/s?z=chinanews&c=30\" ></script>\r\n<!-- AdSame ShowCode: 中新网 / 新闻通发页 / 新闻通发页 画中画 End -->\r\n\r\n</div></td></tr></table></p>\r\n\r\n<p>　　尼尔森(Nielsen)16日在洛杉矶商会召开新闻发布会，公布了该机构的第一份亚裔美国人消费者调查报告，其副主席怀特宁(Susan Whiting)说，尼尔森致力于帮助商家了解影响力日益增加的亚裔消费者族群的价值。</p>\r\n\r\n<p>　　根据这份报告，亚裔是美国人口增长最快的族群，其购买力已达7180亿美元，预计将在2017年达到1万亿美元，如果将所有亚裔民众结合成一个国家，这个国家的经济规模位居全球第18位。</p>\r\n\r\n<p>　　根据这份报告，美国的亚裔人口有1820万，从2000年到2010年，在美国的49个州中的增长速度都超过2位数。然而，和人口增长速度同样快的拉丁裔相比，亚裔人口增长主要受移民带动，而非生育率。亚裔消费者雄厚的购买力是建立在较高的收入和教育水平之上。28%的亚裔家庭年收入超过10万美元，而全美平均水平只有18%。50%的25岁以上亚裔成年人拥有学士学位，而全美平均水平只有28%。</p>\r\n\r\n<p>　　报告显示，亚裔消费者高科技产品使用率达90%，要高于82%的全美人口平均水平，70%的亚裔拥有智能手机。亚裔消费者在过去12个月的网上购买指数也要超过其它族裔，达到121，白人为116，西裔只有64。</p>\r\n\r\n<p>　　和一般美国家庭相比，亚裔家庭更喜欢采购生鲜食品、蔬菜与谷类、婴儿食物与用品及摄影器材等。和非西语裔白人比较，亚裔每年购物次数较多(152比149)，但每次购物消费金额较低(45.7美元比46.09美元)。亚裔购物喜欢使用折扣劵，而且买东西前更喜欢货比三家。(夏嘉)<div id=\"function_code_page\"></div>  </div>','来源：中国新闻网',NULL,'2012年11月18日 15:33　',NULL,0),(26,3,'国际社会密切关注加沙局势','国际社会也在密切关注以色列在加沙地带发动的袭击。世界大国首都间出现密集的电话穿梭之际，高级官员对加沙的访问也在持续。','<p>　　国际社会也在密切关注以色列在加沙地带发动的袭击。</p>\r\n<p>&nbsp;</p>\r\n<p>　　世界大国首都间出现密集的电话穿梭之际，高级官员对加沙的访问也在持续。</p>\r\n<p>&nbsp;</p>\r\n<p>　　美国总统奥巴马与以色列总理内坦亚胡以及埃及总统穆尔西分别进行了电话会谈。</p>\r\n<p>&nbsp;</p>\r\n<p>　　在与内坦亚胡的会晤中奥巴马重申了支持以色列的自卫权利。</p>\r\n<p>&nbsp;</p>\r\n<p>　　奥巴马在与埃及总统穆尔西的会晤中赞赏了埃及为缓解地区紧张气氛而做出的努力。</p>\r\n<p>&nbsp;</p>\r\n<p>　　埃及总理坎迪尔周五访问加沙后，突尼斯外长阿卜杜萨拉姆也来到加沙地带与哈马斯官员会晤。</p>\r\n<p>&nbsp;</p>\r\n<p>　　突尼斯外长阿卜杜萨拉姆访问的首站是加沙总理哈尼耶倒塌的办公室。</p>\r\n<p>&nbsp;</p>\r\n<p>　　突尼斯外长随后访问了在医院接受治疗的巴勒斯坦伤者。</p>\r\n<p>&nbsp;</p>\r\n<p>　　预计，今天还将有一支摩洛哥代表团前去加沙。</p>\r\n<p>&nbsp;</p>\r\n<p>　　相关评论说，在最近阶段实现的访问结束了加沙的外交孤立。</p>\r\n','来源：TRT ',NULL,'2012年11月18日',NULL,0),(27,3,'野田猛批石原合并组建新党 称是“政治野合”','中新网11月18日电 据日本新闻网报道，日本首相野田佳彦日前对石原慎太郎领导的“太阳党”，与大阪市长桥下彻领导的“日本维新会”合并组建新党一事展开猛烈批判，称这一种合并完全是一种“政治野合”。','<p>　　<a target=\'_blank\' href=\'http://www.chinanews.com/\' >中新网</a>11月18日电 据日本新闻网报道，日本首相野田佳彦日前对石原慎太郎领导的“太阳党”，与大阪市长桥下彻领导的“日本维新会”合并组建新党一事展开猛烈批判，称这一种合并完全是一种“政治野合”。</p>\r\n\r\n<p>　　野田指出，“日本维新会”和“太阳党”在消费税增税和加入环太平洋合作协定(PTT)等重要政策未能取得一致的情况下实行联合，完全是一种“政治野合”。</p>\r\n\r\n<p>　　日本最大在野党自民党干事长石破茂也在广岛市的讲演中作出批判，认为新“日本维新会”是在“美丽语言下企图夺取政权”的集团，自民党绝对不会输给他们。石破说，“如果自民党在大选中失败的话，日本就有可能完蛋”。</p>','来源：中国新闻网',NULL,'2012年11月18日 15:33　',NULL,0),(28,3,'伊拉克汽车炸弹袭击致4死25伤','新华网巴格达１１月１７日电（记者张宁　王宏彬）伊拉克警方１７日说，伊中部萨拉赫丁省当天发生一起汽车炸弹袭击事件，目前至少导致４名什叶派穆斯林朝觐者死亡，另有２５人受伤。','<p>    新华网巴格达１１月１７日电（记者张宁　王宏彬）伊拉克警方１７日说，伊中部萨拉赫丁省当天发生一起汽车炸弹袭击事件，目前至少导致４名什叶派穆斯林朝觐者死亡，另有２５人受伤。</p>\r\n<p>　　一名不愿公开姓名的萨拉赫丁省警方官员接受新华社采访时说，爆炸发生地点位于该省拜莱德市城郊一家餐馆附近，两辆载有什叶派穆斯林朝觐者的巴士当时正停靠在这家餐馆附近。袭击者使用遥控装置引爆两辆巴士附近的一辆小轿车，导致伤亡发生。</p>\r\n<p>　　目击者说，强烈爆炸致使两辆巴士损毁、多辆小汽车损坏。</p>\r\n<p>　　拜莱德市医院人士接受新华社采访时证实，该院已接收４具遗体和２５名伤者，由于一些人伤势严重，死亡人数或将进一步上升。</p>\r\n<p>　　警方表示，现阶段尚无法确定所有受害人身份，但已经掌握的情况显示，其中多数是来自伊朗和巴基斯坦的穆斯林朝觐者。</p>\r\n<p>　　目前尚无任何组织声称实施了这起汽车炸弹袭击，警方正进行调查。</p>','来源： 新华网 ',NULL,'2012年11月17日 20:59:49',NULL,0),(29,3,'周观天下：奥巴马碰上“连任魔咒” ','新华网北京１１月１８日电（记者王雅楠）艰苦选战过后，成功连任的美国总统奥巴马没有多少时间来庆祝胜利。“总统很忙”，是对奥巴马胜选第一周工作的最好形容：“财政悬崖”逼近、中东硝烟又起、国安团队不仅曝出“桃色事件”，且愈演愈烈。','<p>　　新华网北京１１月１８日电（记者王雅楠）艰苦选战过后，成功连任的美国总统奥巴马没有多少时间来庆祝胜利。“总统很忙”，是对奥巴马胜选第一周工作的最好形容：“财政悬崖”逼近、中东硝烟又起、国安团队不仅曝出“桃色事件”，且愈演愈烈。</p>\r\n<p>　　“财政悬崖”，简而言之，就是因为立法问题，导致美国经济在明年初面临企业和个人税收“自动”增加、而政府开支“强制”削减的灾难性局面。数据显示，“财政悬崖”所涉及的金额叠加达逾６０００亿美元，可能让美国国内生产总值下降４％。为避免美国经济掉下悬崖，奥巴马急于与国会共和党人展开商谈。然而，由于民主与共和两党在财政政策问题上分歧太大且积怨颇深，共和党人又把持着众议院，达成协议并非易事。</p>\r\n<p>　　经济难题尚未理出头绪，总统的国安团队又出了乱子。中情局局长彼得雷乌斯、美驻阿富汗最高指挥官艾伦双双曝出“桃色”新闻，前者去职，后者升迁被搁置，这让奥巴马突然面临组建一支新的国安团队的窘境。更让奥巴马操心的是，故事背后似乎还有故事，“桃色风暴”并未就此平息。</p>\r\n<p>　　内忧尚未解除，外交政策的难题又不期而至。最大的挑战依然来自中东。美国一直把中东视为本国长期利益所在，《华盛顿邮报》更是把中东称作“让总统们创造遗产、流下眼泪的地方”。</p>\r\n<p>　　一段时期以来，叙利亚持续不停的内战、中东动荡后埃及的捉摸不定，再加上利比亚动荡“后遗症”和难解的伊朗核问题僵局，一系列“剪不断，理还乱”的难题让人们似乎忘却了中东和平的核心问题——巴以问题。然而，本周骤然引爆的巴勒斯坦和以色列的新一轮冲突，清楚提醒白宫：中东动荡固然改写了地区格局，但中东和平进程拖不得。美国媒体认为，奥巴马将不得不面对其首个任期一直回避的巴以难题。</p>\r\n<p>　　对奥巴马而言，虽然其一直强调“重返亚太”，但来自中东地区的挑战更是迫在眉睫。有舆论认为，在中东，美国曾一度被视为决定性的力量，但随着时代变迁，美国实力已经显示出局限性。面对中东新形势，美国需要改变心态，接受现实。</p>\r\n<p>　　在美国，素有“总统第二任期魔咒”之说——即连任总统普遍雄心受挫、政府曝出丑闻、支持率大跌，几乎总是“令人失望和悲哀”。当然，历史上也有不少美国总统打破了这个魔咒。对于奥巴马来说，第二任期伊始，“魔咒”便已出现，他能否成功破解？</p>','来源： 新华网',NULL,'2012年11月18日 10:46:16',NULL,0),(30,3,'日媒称日本需组建强大政府应对领土纠纷','【环球网报道记者 郭文静】日本首相野田佳彦日前宣布解散众议院，并决定于12月中旬举行大选。面对日本政坛频繁换相，日本《朝日新闻》刊文称，世界已经对日本“旋转门”似的政治失去了耐心，日本需要一个强大的政府来应对与中国和韩国的纠纷。','<p>　　【环球网报道记者 郭文静】日本首相野田佳彦日前宣布解散众议院，并决定于12月中旬举行大选。面对日本政坛频繁换相，日本《朝日新闻》刊文称，世界已经对日本“旋转门”似的政治失去了耐心，日本需要一个强大的政府来应对与中国和韩国的纠纷。</p>\r\n\r\n<p>　　泰国《曼谷邮报》11月18日转引《朝日新闻》的文章称，近几年，日本已经更换了数任首相。野田16日宣布解散众议院后，外界普遍认为，他所在的民主党将失去长达3年的政权。</p>\r\n\r\n<p>　　文章认为，这种不稳定将无助于日本解决外交问题，比如与中国、韩国以及俄罗斯的领土纠纷。同时，世界也不像2009年那样热心于日本大选。其时，民主党将长期执政的自民党赶下台。</p>\r\n\r\n<p>　　“很可能是因为，人们觉得，下一任政府依然不会稳定，首相也是‘短命’的。”《朝日新闻》如此评论，“甚至在中国，近来也经常听到这样的言论：‘与日本进行严肃的外交是不可能的’。”</p>\r\n\r\n<p>　　文章还说，如果不能组建一个稳定、强大的政府，那么与俄罗斯、韩国的领土问题，以及美军冲绳军事基地的问题，“都将无法找到出路”。</p>\r\n\r\n<p align=\"right\">(原标题：日媒称日本需组建强大政府应对与中韩领土纠纷)</p>','环球时报',NULL,'2012年11月18日17:25  ',NULL,0),(31,4,'','',NULL,NULL,NULL,NULL,NULL,0),(32,4,NULL,NULL,NULL,NULL,NULL,NULL,NULL,0),(33,4,NULL,NULL,NULL,NULL,NULL,NULL,NULL,0),(34,4,NULL,NULL,NULL,NULL,NULL,NULL,NULL,0),(35,4,NULL,NULL,NULL,NULL,NULL,NULL,NULL,0),(36,4,NULL,NULL,NULL,NULL,NULL,NULL,NULL,0),(37,4,NULL,NULL,NULL,NULL,NULL,NULL,NULL,0),(38,4,NULL,NULL,NULL,NULL,NULL,NULL,NULL,0),(39,4,NULL,NULL,NULL,NULL,NULL,NULL,NULL,0),(40,4,NULL,NULL,NULL,NULL,NULL,NULL,NULL,0),(41,5,'雷霆歪把子半场轰22分 马丁大爆发或因NBA警告','北京时间11月17日，俄克拉荷马城雷霆客场以110-95大胜新奥尔良黄蜂，马丁17投9中，三分球11投6中，得到27分，其中上半场贡献22分，这挺“歪把子机枪”也创造了个人生涯半场得分新高、追平雷霆队本赛季个人半场得分新高、追平本赛季个人命中三分球数新高。',' <p>　　北京时间11月17日，俄克拉荷马城雷霆客场以110-95大胜新奥尔良黄蜂，马丁17投9中，三分球11投6中，得到27分，其中上半场贡献22分，这挺“歪把子机枪”也创造了个人生涯半场得分新高、追平雷霆队本赛季个人半场得分新高、追平本赛季个人命中三分球数新高。</p> <p>　　加盟雷霆以来，马丁场场替补，这也是他职业生涯自菜鸟赛季以来的第一次，尽管由主力变为了替补，但是马丁的各项数据并没有下滑，反而是提升不少，这其中马丁的三分球命中率达到了50%。赛前，联盟公布了11月12日雷霆与活塞的比赛录像，马丁第四节的一次摔倒被认定为假摔，他也因此被联盟警告。</p> <p>　　客场挑战新奥尔良黄蜂，联盟的假摔警告不但没有影响到马丁的发挥，反而是刺激了这挺“歪把子机枪”。第一节还剩5分钟时，马丁被替换上场，上场后马丁就接到威斯布鲁克的击地助攻后上演打三分，而从这记打三分之后，马丁就开始与三分结下不解之缘。最后一分钟，马丁连续两次在进攻端抢投命中三分，再加上他此前两罚两中，马丁第一节只打了5分钟就疯狂砍下11分，而且带领雷霆替补打出一波19-9的小高潮，将分差扩大为18分。</p> <p>　　马丁这挺“歪把子机枪”有些搂不住火了，而雷霆主帅、杜兰特、威斯布鲁克也明显看出了这种架势，因此即便“雷霆双子星”在第二节重新回到场上，但是马丁才是雷霆队的第一进攻点。凭借着高达71%的三分球命中率，马丁在第二节再次贡献11分，而且三次站在三分线上，面对防守球员封盖到脸上的防守，“歪把子机枪”依旧能稳稳命中。半场结束，马丁11投7中，三分球7投5中，得到半场最高的22分，这不但追平了雷霆队本赛季个人半场得分新高，同时马丁也创造了自己职业生涯半场得分新高。此外，雷霆凭借着他的火力支援，以66-37领先黄蜂队29分。</p> <p>　　剩下的时间里，砍下27分的马丁尽管未能刷新本赛季28分的个人得分新高，但是他在第三节命中一记三分球，他也追平本赛季命中三分球最高纪录——6个。</p> <p>　　（搜狐体育 鸾台凤阁）</p>','搜狐体育',NULL,'2012-11-17 11:21:01 ',NULL,0),(42,5,'福建男篮赛程相对轻松 欲更换外援目标冲第六','N本报记者 石磊磊  本报讯 昨日，CBA新赛季发布会在北京召开，新赛季CBA赛程也就此揭晓。CBA新赛季将于11月24日正式打响，总决赛如果打满7场将会在明年的4月5日结束，福建男篮将在11月25日下午首战青岛男篮(微博','<div id=\"Cnt-Main-Article-QQ\" bossZone=\"content\"><P style=\"TEXT-INDENT: 2em\">N本报记者 石磊磊</P><P style=\"TEXT-INDENT: 2em\">本报讯 昨日，<!--keyword--><a class=\"a-tips-Article-QQ\" href=\"http://sports.qq.com/cba/\" target=\"_blank\"><!--/keyword-->CBA<!--keyword--></a><!--/keyword-->新赛季发布会在北京召开，新赛季CBA赛程也就此揭晓。CBA新赛季将于11月24日正式打响，总决赛如果打满7场将会在明年的4月5日结束，福建男篮将在11月25日下午首战青岛男篮<!--keyword-->(<span class=\"infoMblog\"><A target=_blank href=\"http://t.qq.com/qdbasketball#pref=qqcom.keyword\" class=\"a-tips-Article-QQ\" rel=\"qdbasketball\" reltitle=\"青岛男篮\">微博</A></span>)\r\n<!--/keyword-->。谈到赛季目标，福建浔兴董事长施能坑表示：“球队每年都提前冲八，我希望球队能更进一步，争取前六名，不过现在CBA竞争太激烈，达到目标不容易。” </P><P style=\"TEXT-INDENT: 2em\">本赛季，从赛程上看福建男篮上半程和下半程的主场数均为8场，并未出现魔鬼赛程，从对手上看球队，球队可谓先难后易。前八场比赛中，新疆、山西、广厦、浙江、东莞、广东都属于联赛劲旅。联赛冲刺阶段的8场比赛，福建男篮有5个主场，对手实力一般。在龚松林、杨庚林离队后，福建男篮将王哲林、陈林坚等小将补充到球队阵容，球队将进一步年轻化。俱乐部总经理李安不无担心地表示，由于球员年轻，前几场比赛的结果决定了士气，会影响到整个赛季的状态。当然俱乐部的目标还是杀入季后赛，甚至争取更好的成绩。 </P><P style=\"TEXT-INDENT: 2em\">时至昨日，福建男篮的阵容还未确定，昨日，外援盖恩斯抵达球队试训，他在NBA<!--keyword-->(<span class=\"infoMblog\"><A target=_blank href=\"http://t.qq.com/nba#pref=qqcom.keyword\" class=\"a-tips-Article-QQ\" rel=\"nba\" reltitle=\"NBA\">微博</A></span>)<!--/keyword-->曾作为德隆&#183;威廉姆斯的替补，是正统的控球后卫。目前球队的另一名小个外援格拉汉姆是锋卫摇摆人，在季前赛表现平平。施能坑透露，昨日下午盖恩斯进行了训练，并在晋江进行了体检：“体检结果下周一才能拿到，通过体检的话，我们还是选择盖恩斯，现在球队需要的是一号位球员。”目前留给盖恩斯和球队合练的时间不到10天。25日下午，福建男篮将主场迎战青岛，由于<!--keyword--><a class=\"a-tips-Article-QQ\" href=\"http://nbadata.sports.qq.com/player.aspx?id=3179\" target=\"_blank\"><!--/keyword-->麦蒂<!--keyword--></a><!--/keyword-->的到来，晋江球市火爆，俱乐部表示将于19日上午9时在晋江体育中心统一对外售票。</P></div>','福建日报-海峡都市报',NULL,'2012-11-17 08:44',NULL,0),(43,5,'女排联赛上海3-2胜辽宁 性骚扰风波后首战取胜','网易体育11月17日报道：2012年全国女排联赛第三轮争夺，上海队苦战五局以3-2力克辽宁队，恒大队2-3不敌江苏队，尝到赛季首败，天津队则以3-0击败山东队。',' <p>　　网易体育11月17日报道：</p> <p>　　2012年全国女排联赛第三轮争夺，上海队苦战五局以3-2力克辽宁队，恒大队2-3不敌江苏队，尝到赛季首败，天津队则以3-0击败山东队。</p> <p>　　近来上海女排传出性骚扰丑闻，队伍的表现会否受到影响，很值得关注。此役上海女排首发，主攻奚希和陈伊娜、副攻马蕴雯和朱慧菁、二传卞雨倩、接应张磊和自由人马晓颖。辽宁女排首发主攻楚金玲和张晓琛、副攻颜妮和赵阳，二传丁霞、接应刘丹和自由人张娴。</p> <p>　　首局上海队出师不利，连续丢分陷入被动，辽宁队一路领先，到局末阶段21-16占优。短暂相持后，张晓琛进攻得手，赵阳扣球和发球连得2分，辽宁队以24-19获得局点，张轶婵扣球得分以及楚金玲失误，上海队连追2分，但楚金玲强攻得分，辽宁队25-21先下一城。</p> <p>　　第二局上海队开局4-1领先，迫使辽宁队暂停。朱慧菁的扣球得分，上海队8-5领先进入第一次技术暂停。暂停后张晓琛强攻和颜妮发球得分，辽宁队追至7-8，张轶婵扣球连得2分，再加上赵阳失误和丁霞二次球失误，上海队12-7拉开比分。此后刘丹和楚金玲先后进攻得手，刘丹发球失误，上海队以16-13领先进入第二次技术暂停。楚金玲强攻命中，张磊下球，颜妮进攻得手，张晓琛扣球得分，辽宁队迫近到16-17，凭借张晓琛和刘丹的强攻将比分追至18平。张轶婵扣球失误，辽宁队19-18反超上海队。王一梅替换张晓琛出场，张轶婵扣球得分，上海队22-20占先。赵阳下球后马蕴雯背飞得手，上海队23-21领先。楚金玲强攻命中，赵阳发球失误，上海队24-22获得局点，卞雨倩发球失误后马蕴雯扣球得分，上海队25-23险胜扳回一局。</p> <p>　　第三局辽宁队夺回场上主动，一路领先以25-19再下一城。第四局上海队背水一战，顶住压力占据优势，尽管辽宁队紧追比分，但上海队还是控制住局面，以25-19取胜将总比分扳成2平。决胜局上海队气势已起，以15-10锁定胜局，总比分3-2力克辽宁队。</p> <p>　　卫冕冠军恒大队对阵江苏队，首局两队就展开激战，比分一直胶着，25平后连得2分，恒大27-25先声夺人。第二局和第三局，恒大队陷入被动，以23-25和21-25连输两局。第四局恒大队绝地反击，以25-23扳回一局。决胜局恒大未能把握住机会，以9-15落败，总比分2-3失利遭遇赛季首败。</p> <p>　　本轮其余场次争夺，天津队主场3-0轻取山东队收获两连胜，三局比分为25-15、25-15和25-12，八一队主场3-0横扫河南队，拿到赛季首胜。</p>','网易网',NULL,'2012-11-17 18:17:18 ',NULL,0),(44,5,'国际象棋女子世锦赛 感冒影响加赛爆冷逸凡出局','2012年国际象棋女子世锦赛第二轮比赛昨天在俄罗斯乌拉尔地区的汉特·曼西斯克战罢，中国棋后、卫冕冠军侯逸凡在加赛快棋中两负于世界排名39位的波兰选手索科，无缘16强，爆出了开赛以来的最大冷门。','<p style=\"text-indent: 2em; \">\r\n	2012年<a href=\"http://sports.people.com.cn/GB/22155/22160/47626/index.html\"><font color=\"RoyalBlue\">国际象棋</font></a>女子世锦赛第二轮比赛昨天在俄罗斯乌拉尔地区的汉特·曼西斯克战罢，中国棋后、卫冕冠军侯逸凡在加赛快棋中两负于世界排名39位的波兰选手索科，无缘16强，爆出了开赛以来的最大冷门。</p>\r\n<p style=\"text-indent: 2em; \">\r\n	在慢棋较量中，侯逸凡首盘轻松获胜，第二盘只要战和即可晋级。不料次战索科抓住侯逸凡开局的漏洞，直捣黄龙扳回一局。双方进入25分钟加赛快棋一决胜负，结果首盘侯逸凡开局再次重蹈覆辙，执白先丢一局。第二盘侯逸凡后手选择现代别诺尼开局准备放手一搏，但中盘鏖战时难觅良策破敌，最终超时告负。</p>\r\n<p style=\"text-indent: 2em; \">\r\n	这是侯逸凡四次参加世锦赛成绩最差的一次，因为受感冒影响，她未能发挥出最高水平。</p>\r\n<p style=\"text-indent: 2em; \">\r\n	侯逸凡的出局也意味着她失去了棋后的身份。不过，因为侯逸凡在2011-2012赛季国际棋联大奖赛中发挥出色，获得总分第一，她将在2013年以前棋后的身份挑战本次世锦赛产生的新棋后。</p>','今晚报',NULL,'2012年11月17日14:59    ',NULL,0),(45,5,'贫困中学女足受邀观摩足协杯 48支球队决赛再聚首','新浪体育讯　11月18日，2012年中国足协杯将进行决赛第二回合。今年的足协杯全面扩军，总共有48支球队参赛。这一次在广州也将进行年度颁奖典礼，中国足协也邀请所有球队代表重聚广州。值得一提的是，还有几位特殊的客人，这就是来自海南琼中县中学的女足球员们，这支从破旧操场的诞生女子足球队也被邀请到广州观摩足协杯决赛。','<p>　　新浪体育讯　11月18日，2012年中国足协杯将进行决赛第二回合。今年的足协杯全面扩军，总共有48支球队参赛。这一次在广州也将进行年度颁奖典礼，中国足协也邀请所有球队代表重聚广州。值得一提的是，还有几位特殊的客人，这就是来自海南琼中县中学的女足球员们，这支从破旧操场的诞生女子足球队也被邀请到广州观摩足协杯决赛。</p>\r\n\r\n<p>　　2012中国足协杯进行了扩军，赛事规模、比赛场次都大幅增加，参赛球队在中超<a class=\"wt_article_link\" onmouseover=\"WeiboCard.show(2060903445, \'sports\' , this)\" href=\"http://weibo.com/zhongchaobaodao?zw=sports\" target=\"_blank\">[微博]</a>和中甲球队的基础上，吸纳了来自乙级联赛、业余联赛、大学生联赛和亚洲展望城市联赛的16支符合足协杯准入条件的球队参加。参赛球队共计48支，参与地方协会涉及25个。单场上座率最高达到4万多观众，总计有44万球迷亲赴现场观战加油。本次在广州进行的足协杯决赛第二回合开始之前，举办这项赛事的中国足协福特宝公司也邀请了全部48支参赛球队、25个地方协会派出代表来到广州现场观看比赛，并将在足协杯决赛之后举办年度颁奖典礼以及晚宴。</p>\r\n\r\n<p>　　值得一提的是，为了扶持与帮助落后地区的足球发展，福特宝专门邀请了海南琼中县的琼中女足代表来到广州观摩足协杯决赛的比赛。17日下午，三名女足球员陈欣、王丽莉、何欣云就已经来到广州并现场观看了贵州人和<a class=\"wt_article_link\" onmouseover=\"WeiboCard.show(2499200657, \'sports\' , this)\" href=\"http://weibo.com/guizhourenhefc?zw=sports\" target=\"_blank\">[微博]</a>队的训练，组建该球队的主教练肖山也将在18日到达。</p>\r\n\r\n<p>　　六年前，肖山在海南琼中中学的破旧操场上组建起一支女足球队。球队完全是白手起家、在毫无足球基础的琼中县拉起了一支足球队，球员们甚至要自己种菜来改善伙食，如今这支球队有6名队员拿到了国家一级运动员证书，有13人考上了大学，并夺了全国比赛的季军。中国足协在得知了肖山以及琼中女足的事迹之后，也决定帮助这支基层女足。除了邀请肖山与球员代表来到广州观看足协杯决赛之外，还将向她们赠送50个耐克足协杯专用足球等足球装备以及其他生活家用电器。</p>\r\n\r\n<p>　　前国家队主教练、贵州人和队主教练高洪波和球队老将孙继海也在17日下午与3名女足姑娘们进行了交流，高洪波勉励队员们继续搞好训练，力争早日进入国家队，同时也表示自己愿意向她们提供足球专业方面的帮助与支持。</p>\r\n\r\n<p>　　(于静)</p>\r\n','新浪体育',NULL,'2012年11月17日18:27  ',NULL,0),(46,5,'[爱彩网]老球童单场周六153：毕尔巴鄂难挡皇马','皇马本赛季在各项赛事开局不利，联赛被巴萨甩开8分，目前还落后于同城死敌马德里竞技达5分，欧冠杯近期1平1负多特，出线形势虽占据主动权，但是仍不能掉以轻心。上轮联赛客场2比1战胜莱万特。','<p>　　序号：153 周六 西甲 [3]皇马 -2 毕尔巴鄂竞技[12] 推荐：31</p>\r\n\r\n<p>　　2012-13西甲第12轮</p>\r\n\r\n<p>　　比赛时间：2012-11-18 星期天 05:00</p>\r\n\r\n<p>　　球场：伯纳乌球场</p>\r\n\r\n<p>　　澳彩盘口：1.98 两球/两球半 1.88</p>\r\n\r\n<p>　　平均赔率：1.15 7.76 14.07</p>\r\n\r\n<p>　　威廉希尔：1.17 7.00 15.00</p>\r\n\r\n<p>　　立博国际：1.18 7.50 12.00</p>\r\n\r\n<p>　　易胜博： 1.15 7.80 9.50</p>\r\n\r\n<p>　　博天堂： 1.15 7.50 15.00</p>\r\n\r\n<p>　　皇马本赛季在各项赛事开局不利，联赛被巴萨甩开8分，目前还落后于同城死敌马德里竞技达5分，欧冠杯近期1平1负多特，出线形势虽占据主动权，但是仍不能掉以轻心。上轮联赛客场2比1战胜莱万特。</p>\r\n\r\n<p>　　毕尔巴鄂竞技是西甲中上游实力的队伍，上赛季取得第10名，本赛季成绩有所下降，前11轮仅4胜2平5负，其中客场1胜1平3负表现较差。上轮联赛主场2比1战胜塞维利亚，状态回升。</p>\r\n\r\n<p>　　两队最近交锋的5场比赛，皇马全胜。亚盘下，澳彩从初盘的皇马让两球超低水升为目前的两球/两球半中水，由于皇马在实力、名气和状态方面均优于毕尔巴鄂，胜赔增加难度看好主队，毕竟皇马最近5次交锋均净胜对手3球以上，而且本赛季皇马继续延续这一大胜势头。欧赔公司本场比赛的平均胜赔也仅为1.15水，对主胜信心足。考虑到皇马大力追赶巴萨的战意、交锋往绩的优势和近期的状态，本场大胜在望，看皇马至少净胜对手2球以上。北单双选31稳健。(老球童)</p>\r\n\r\n<p>　　<a href=\"http://www.aicai.com/\" target=\"_blank\">本文为[爱彩网www.aicai.com]特供新浪彩票文章，更多精准分析请登陆“爱彩网”查看</a></p>\r\n','aicai.com ',NULL,'2012年11月17日11:59  ',NULL,0),(47,5,'中国头号女双发出冲冠宣言 男粉丝现场告白王晓理','新浪体育讯　虽然此前曾明确表示此次上海之行的目标是打好每一场比赛，并没有特别去想夺得冠军，但于洋/王晓理却正在慢慢地向本次比赛的冠军一步一步靠近。在获得决赛的入场券后，于洋/王晓理终于透露了自己希望夺冠的心愿，“现在比赛中国队也只剩下我们一对女双组合了，所以我们会尽力去争取获得冠军。”','<p>　　新浪体育讯　虽然此前曾明确表示此次上海之行的目标是打好每一场比赛，并没有特别去想夺得冠军，但于洋/王晓理却正在慢慢地向本次比赛的冠军一步一步靠近。在获得决赛的入场券后，于洋/王晓理终于透露了自己希望夺冠的心愿，“现在比赛中国队也只剩下我们一对女双组合了，所以我们会尽力去争取获得冠军。”</p>\r\n\r\n<p>　　北京时间11月17日，2012年中国羽毛球<a class=\"wt_article_link\" onmouseover=\"WeiboCard.show(2020948351, \'sports\' , this)\" href=\"http://weibo.com/u/2020948351?zw=sports\" target=\"_blank\">[微博]</a>公开赛在上海展开第五日比赛角逐。在女双第一场半决赛中，中国组合于洋/王晓理仅用时26分钟便以2比0战胜泰国组合纳里萨帕特/萨拉莉，获得决赛的入场券。两局的比分分别是21比9与21比4。两局比赛均没有让对手单局得分超过10分，这也是于洋/王晓理在本次比赛中获得的最轻松的一场胜利。</p>\r\n\r\n<p>　　对于为何会赢得如此轻松，于洋道出了答案，“这是我们第一次和这对组合打比赛，之前看了她们的技术录象，我觉得她们两个人的进攻能力一般，所以今天我们的防守节奏控制得比较好，我们不会被打乱节奏。我们和这对组合打比赛，我觉得主要得分在于发接发这方面。”</p>\r\n\r\n<p>　　今天，本次比赛打到了半决赛，原本昨天的三块场地今天缩减到只有一块场地进行比赛，于洋/王晓理无疑成为了整个场馆的主角。在第一局比赛中，于洋/王晓理曾以19比5领先，但此时纳里萨帕特/萨拉莉还没有放弃此局比赛的比拼，她们一度将比分改写为9比20。好在，于洋/王晓理及时稳住阵脚，最终以21比9获胜。在被问到在第一局比赛局末阶段被追分的原因时，王晓理说道：“这个场地我也是第一次打，我自己在处理上有一些判断不太好。第一局快到尾声了，我也是有点想快点把第一局赢了。”对于这块场地，王晓理表示：“风向会有一点影响，但球速还是和前面差不多。”</p>\r\n\r\n<p>　　在明天的决赛中，于洋/王晓理将对阵韩国组合严惠媛/张艺娜与日本组合前田美顺/末纲聪子之间的胜者。对于明天的决赛，于洋在本次比赛中第一次表明了希望能够夺冠的心愿，“明天不管对阵哪对组合，我们会全力以赴。现在比赛中国队也只剩下我们一对女双组合了，所以我们会尽力去争取获得冠军。”值得一提的是，在于洋/王晓理获胜后，很多球迷都表达了对她们的支持，一位男球迷甚至还喊出了“王晓理，我爱你”，对此，王晓理羞赧地笑了笑，并与于洋一起对球迷的支持表示了感谢。</p>\r\n\r\n<p>　　(止大)</p>',' 新浪体育',NULL,'2012年11月17日16:18  ',NULL,0),(48,5,'张博肩伤并无大碍瞄准季后赛 淡看各队外援变强','华奥星空11月17日电（记者 杨宝岩）在伦敦遇到林丹的时候，曾讲过张博，林丹说，他也遗憾张博没来伦敦，但关系不错。同是八一体工大队的一员，同样的黝黑的皮肤和豁达的个性，自称张先生的张博在国家队的路并不顺利，今年夏天，他的肩伤阻挡了他的前进之路，但是回首那段打封闭的日子，张博依然无怨无悔。','<p>　　华奥星空11月17日电（记者 杨宝岩）在伦敦遇到林丹的时候，曾讲过张博，林丹说，他也遗憾张博没来伦敦，但关系不错。同是八一体工大队的一员，同样的黝黑的皮肤和豁达的个性，自称张先生的张博在国家队的路并不顺利，今年夏天，他的肩伤阻挡了他的前进之路，但是回首那段打封闭的日子，张博依然无怨无悔。</p>\r\n<p>　　从国家队回到八一，张博一直边恢复治疗边与队友一起训练，说到自己的状态和球队的备战情况，“张先生”介绍说：“今年备战的还不错，整个球队的训练呢和一个夏天和联赛前的训练很系统，整个体系也比之前稳定很多，我们很有信心。”</p>\r\n<p>　　而在外援越来越强大的今天，八一队依靠全华班作战势必十分艰难，对于八一队的目标，张博说：“我感觉我们会全力以赴打比赛，目标是有，我们首先希望我们进入季后赛，进入季后赛基础上希望走的更远。这个不是我们现在要想的问题，我们现在就是打好比赛，来争取一切的机会和能力去争取胜利，自然而然成绩就会好一些。”他说到了外援，“外援每年都很强，不是什么问题。”张博自信的说。</p>\r\n<p>　　而提到肩伤，张博显得有些混不吝，这个在国家队训练最刻苦的攻击后卫似乎习惯了伤病困扰，他说：“肩伤还是会有一些问题，不像之前那么严重，要是彻底康复要很久，但是为了联赛还是可以打的，只有训练前和比赛前活动的久一些，这样就避免再次拉伤。”</p>\r\n<p>　　八一队今年融入了几名年轻队员，由老中青组成的这个队伍有了很多变化，张博说：“年轻的队员加入有利有弊吧，有年轻和缺少经验的一部分，但他们活力四射。我们平时是一个平稳的球队，但是他们能给我们带来激情和朝气的东西，都是有利有弊的。”活力四射自然不是简单说说而已，就在拍摄宣传片的时候，年轻的队员们跳起了骑马舞，用的就是江南style的经典动作，说到跳舞，张博连连摇头“不会，我不会跳，”他说：“跳舞我是当然不会，那是他们年轻队员后来留在那里拍的，我拍完宣传照就走了。”刚刚20出头的张博已经把学弟们叫起了“年轻队员”，显出了超越所有同龄人的成熟，或许，这就是他运动生涯里的经历沉淀，让他懂得了责任更重。（完）</p>','华奥星空/sports.cn •打印•字',NULL,'2012年11月17日14:46',NULL,0),(49,5,'（游泳）北京１５００余名中小学生参加“水立方杯”游泳比赛','新华社北京１１月１７日体育专电（记者汪涌）北京国家游泳中心“水立方”旁能容纳上百辆车的停车场，１７日下午全部停满，参加北京市中小学生游泳比赛的许多家长们接送孩子的车辆，将这座平时较为宽敞的停车场停得满满当当。 ','<p>新华社北京１１月１７日体育专电（记者汪涌）北京国家游泳中心“水立方”旁能容纳上百辆车的停车场，１７日下午全部停满，参加北京市中小学生游泳比赛的许多家长们接送孩子的车辆，将这座平时较为宽敞的停车场停得满满当当。\r\n</p>\r\n<p><div class=\"gg200x300\">\r\n<iframe src=\"http://g.163.com/r?site=netease&affiliate=sports&cat=article&type=tvscreen200x300&location=1\" width=\"200\" height=\"300\" frameborder=\"no\" border=\"0\" marginwidth=\"0\" marginheight=\"0\" scrolling=\"no\"></iframe>\r\n</div><p>来自北京各区县２００余所中小学的１５００余名喜欢游泳的孩子们，在这座见证过世界巨星菲尔普斯连夺８块金牌的北京奥运会游泳场馆里，进行多种泳姿的比赛。游泳馆内充满了孩子和家长们的击水声、加油声、掌声和欢笑声。这也是“水立方”继１０月底举办了有５００多名青少年参加的京津沪青少年业余游泳总决赛后，举办的又一项受众多青少年喜爱的业余游泳比赛。\r\n</p>\r\n<p>据国家游泳中心“水立方”相关人士介绍，“水立方杯”北京市中小学生游泳比赛已举办过多届，但今年是参加人数最多的一届。为了满足广大青少年锻炼的需求，国家游泳中心将把这项赛事办成一项传统的全民健身项目，同时还将继续举办包括京津沪青少年游泳比赛在内的众多全民健身活动，充分发挥奥运场馆的功能，推动游泳项目的普及和提高。（完）\r\n</p>','新华网(广州)',NULL,'2012-11-17 16:11:28',NULL,0),(50,5,'克朗吉洛连任美国篮协主席','美国当地时间11月13日，美国篮协宣布杰里-克朗吉洛将连任美国篮协主席一职。','<p>　　美国当地时间11月13日，美国篮协宣布杰里-克朗吉洛将连任美国篮协主席一职。</p>\r\n\r\n<p>　　克朗吉洛自2005年起开始为美国篮协担任总经理一职，随后被选为主席。在他在任期间，美国男女篮包揽了2008年2012年两届奥运会以及2010年世锦赛的全部冠军，并且在国际篮联的积分排名里全部位列世界第一。</p>\r\n\r\n<p>　　克朗吉洛表示夏天他的首要任务是把沙舍夫斯基(老K教练)与阿瑞雅玛分别留在美国男女篮国家队主教练的位置上，虽然这两人在此前都曾表示不打算再继续执教美国国家队。</p>\r\n','NBA官方微博',NULL,'2012年11月15日 02:27:07',NULL,0),(51,6,'iPad中国销量第三季度环比大涨近80%','新浪科技讯 北京时间11月17日早间消息，自今年7月与深圳唯冠就iPad商标权纠纷达成和解以来，iPad在中国市场的销售大幅增长。IDC分析师迪克·张(Dickie Chang)表示，今年第三季度，iPad在中国市场的销量达到207万台，较上一季度的115万台增长近80%。','<p>　　新浪科技讯 北京时间11月17日早间消息，自今年7月与深圳唯冠就iPad商标权纠纷达成和解以来，iPad在中国市场的销售大幅增长。IDC分析师迪克·张(Dickie Chang)表示，今年第三季度，iPad在中国市场的销量达到207万台，较上一季度的115万台增长近80%。</p>\r\n\r\n<p>　　迪克·张认为，这一增长主要是由于商标权纠纷的和解。在苹果推出iPad之前，唯冠就已经申请了iPad商标。这一纠纷随后演变成一场旷日持久的诉讼。7月份，苹果最终同意以6000万美元与唯冠和解，但这一诉讼仍导致第三代iPad在中国市场的销售被推迟了数月。第三代iPad于7月20日在中国市场面市。</p>\r\n\r\n<p>　　迪克·张表示，iPad在中国平板电脑市场有着较大的领先。第三季度，联想以27.8万台的出货量排名中国市场第2，而三星以14.3万台的出货量排名第3。在全球市场，今年第三季度iPad的市场份额已从去年同期的60%下降至50%，而亚马逊Kindle Fire HD等Android平板电脑的出货量则明显提升。</p>\r\n\r\n<p>　　苹果尚未在中国市场开售第四代iPad和iPad mini，而中国是苹果增长速度最快的市场。这意味着，iPad的销售未来还将出现一次大幅提升。中国市场目前对苹果总营收的贡献达到15%。在截至9月底的这一季度中，苹果中国市场销售额为57亿美元，同比增长26%。</p>\r\n\r\n<p>　　市场传闻称，iPhone 5将于12月进入中国市场，中国电信和中国联通都将运营这款手机。(李丽)</p>','新浪科技',NULL,'2012年11月17日 10:32',NULL,0),(52,6,'中信建投：4G网络投资高峰或现2013年','【财经网专稿】记者 张剑锋 “明年通信行业形势会好于今年，行业存在明确的两大投资主线，北斗导航行业与4G，2013年可能是4G投资的高峰期。”11月17日，行业冠军中信建投通信行业首席分析师戴春荣在第六届卖方分析师水晶球奖2013冠军论坛上如是表示。',' <p><strong>【财经网专稿】记者 张剑锋</strong> “明年通信行业形势会好于今年，行业存在明确的两大投资主线，北斗导航行业与4G，2013年可能是4G投资的高峰期。”11月17日，行业冠军中信建投通信行业首席分析师戴春荣在第六届卖方分析师水晶球奖2013冠军论坛上如是表示。</p>\r\n<p>2012年，全球经济衰退导致电信行业普遍惨淡：电信运营商增收不增利，电信设备商的业绩普遍下滑。而从全球来看，全球经济衰退，运营遇到发展瓶颈，管道化发展趋势明显，旧的盈利模式亟待改变，但新的模式还没形成。</p>\r\n<p>在国内市场，电信运营商利润不错，但是电信设备厂商日子不好过。“我们预期设备厂商的日子会不会好一点，但是越看越失望，每个季度都比前一个季度差。”戴春荣表示，<a href=\"http://tech.163.com/company/chinatelecom/\">中国电信</a>运营商资本开支的投资放缓，设备商收入确认时间的延迟等因素导致电信设备行业境况很差。2012年，通信行业碰到戴维斯双杀的局面。</p>\r\n<p>对于2013年行业的趋势，戴春荣表示， “2013年，随着国家政策的推动、技术推动、可能颁发的4G牌照，加上今年的业绩基数很低，明年业绩增长难度变低。”</p>\r\n<p>戴春荣还称，电信运营商的资本开支会左右2013年的行业增长，运营商今年的投资进度偏慢，四季度可能集中投资，但是有可能延至2013年的一季度，在这种情况下，4G与北斗导航行业行业发展会相对较好。</p>\r\n<p>而在今年9月10日，工信部部长苗圩表态称，预计4G牌照在一年左右就要发放。业内普遍预期，2013年下半年4G牌照就会发放。</p>\r\n<p>戴春荣表示，这可能是因为政府可能将通信行业作为刺激经济发展的一个主要领域，而鉴于3G牌照发的太晚了，TD-LTE这一标准需要国际化，“走出国门”，不能太晚发放。</p>\r\n<p>无论4G牌照是否发放，<a href=\"http://tech.163.com/company/10086/\">中国移动</a>2013年要准备开始大规模建设4G网络。戴春荣表示，这个规划已经做出来了。根据计划，2012年、2013年、2014年中国移动要建设激战45万个。而日前，中国电信高层接受采访时透露，其4G项目投资不会比中国移动的速度慢，所以2013年可能是4G投资的高峰期。</p>',' 财经网(北京)',NULL,'2012-11-17 16:36:20',NULL,0),(53,6,'惠普第三季度或业绩不佳：PC时代走向终结','新浪科技讯 北京时间11月17日早间消息，戴尔周五公布的第三季度业绩表现疲软，而惠普将于下周公布2012年第三季度财报。业内人士认为，戴尔和惠普的财报将再次证明，“PC时代”正在结束。','<p>　　新浪科技讯 北京时间11月17日早间消息，戴尔周五公布的第三季度业绩表现疲软，而惠普将于下周公布2012年第三季度财报。业内人士认为，戴尔和惠普的财报将再次证明，“PC时代”正在结束。</p>\r\n\r\n<p>　　随着越来越多消费者和企业转向智能手机和平板电脑，“PC时代”的主要受益者，包括惠普、戴尔和微软正面临挑战。第三季度，戴尔营收同比下降11%。根据彭博社统计的分析师平均预期，惠普第三季度营收将同比下降6%。</p>\r\n\r\n<p>　　自上世纪80年代以来，微软创始人比尔·盖茨(Bill Gates)和戴尔创始人迈克尔·戴尔(Michael Dell)等人推动了PC的发展。价格较低的计算机改变了企业工作的方式，并使个人用户使用计算机更方便，导致了小型机和大型机的衰落。</p>\r\n\r\n<p>　　微软、戴尔和惠普正在推出平板电脑，而微软已经重新设计了智能手机软件，瞄准年末购物季。然而在平板电脑市场，这些公司目前落后于苹果、谷歌和亚马逊。而微软在智能手机市场的份额仍然远低于苹果和谷歌。</p>\r\n\r\n<p>　　市场研究公司Gartner的数据显示，第三季度的PC出货量同比下降8.3%。而IHS iSuppli则预计，PC市场今年将出现自2001年以来的首次同比滑坡。第三季度，微软Windows的销售同比下降33%，而英特尔第三季度营收则出现了20多年来首次环比下降。</p>\r\n\r\n<p>　　这一局面很难在短期内扭转。财报显示，戴尔第三季度营收下降至137.21亿美元，净利润为4.75亿美元，同比下降27%。即使戴尔自2009年以来就尝试通过收购进军存储、IT服务和网络设备市场，但该公司的增长已经停滞。瑞穗证券分析师阿贝·兰巴(Anhey Lamba)表示：“戴尔正在弱化PC业务。PC业务营收将遭遇阻力，而其他业务仍需要投资。”</p>\r\n\r\n<p>　　惠普的情况可能更糟。分析师平均预计，惠普第四财季营收将下降至305亿美元，不包括一次性项目在内的每股利润将同比下降3%，至1.14美元。惠普CEO梅格·惠特曼(Meg Whitman)表示，惠普不太可能在短期内复苏。惠普于10月3日下调了利润预期，导致股价创下10年来新低。</p>\r\n\r\n<p>　　波特兰Becker资本管理公司基金经理帕特·贝克(Pat Becker)表示：“两家公司的创新不足。”目前，惠普和戴尔的市盈率已经很低。两家公司的2013年前瞻市盈率分别为3.3倍和5.5倍，为同行业公司中的最低水平。</p>\r\n\r\n<p>　　不过，PC不太可能在短期内消亡。IHS iSuppli的数据显示，今年的PC出货量将达到3.487亿台。而微软Surface这一介于平板电脑和笔记本之间的产品获得了大量好评。Wasatch Advisors投资经理迈克尔·辛尼克(Michael Shinnick)表示，尽管很多人已经给PC盖棺定论，但这实际上是不成熟的。(李丽)</p>',' 新浪科技',NULL,'2012年11月17日 06:23   ',NULL,0),(54,6,'苏宁易购上线电子书频道 打造数字化阅读平台','凤凰科技讯 11月16日消息，国内电子商务公司苏宁易购昨日正式上线自己的电子书频道。同时，苏宁易购也推出了自己的电子书阅读应用，覆盖iOS、Android和PC三端，目前其只正式上线了Andoid应用。','<p>凤凰科技讯 11月16日消息，国内电子商务公司苏宁易购昨日正式上线自己的电子书频道。同时，苏宁易购也推出了自己的电子书阅读应用，覆盖iOS、Android和PC三端，目前其只正式上线了Andoid应用。</p>\r\n<p>据了解，电子书上线是苏宁易购推进数字化阅读平台的第一步。后期，苏宁易购将会推出包括视频、影音在内的全媒体平台。在收购了红孩子之后，苏宁易购推出自己的电子书服务，旨在推动向全品类发展的步骤。</p>\r\n<p>据苏宁易购方面透露，截至目前，已有近1000家出版社和原创文学网站与苏宁建立了合作关系，首批共引进电子书近5万册。预计到2013年底，苏宁易购电子书数量达到25&mdash;30万本。</p>\r\n<p>苏宁阅读的Android应用名字标题叫SNBook。另外，苏宁易购阅读上的书籍的定价除了部分免费外，还有按照全本定价的模式，此外，还有按照每千字收费的方式。</p>\r\n<p>苏宁阅读应用还支持WiFi导入和本地导入功能。\r\n						<span class=\"ifengLogo\"><a href=\"http://www.ifeng.com/\" target=\"_blank\"><img src=\"http://img.ifeng.com/page/Logo.gif\" width=\"15\" height=\"17\" /></a></span>\r\n					</p>','凤凰科技',NULL,'2012年11月16日 16:01',NULL,0),(55,6,'工信部年内出台民间资本进入电信业试点方案','工信部在今年6月份出台《关于鼓励和引导民间资本进一步进入电信业的实施意见》之后，由工信部通信发展司组织、工信部电信研究院政策与经济研究所参与制定具体的试点方案。据悉，该方案有望在年底出台。 ','<div class=\"content_info\">\r\n		工信部在今年6月份出台《关于鼓励和引导民间资本进一步进入电信业的实施意见》之后，由工信部通信发展司组织、工信部电信研究院政策与经济研究所参与制定具体的试点方案。据悉，该方案有望在年底出台。\r\n </div>\r\n<p>　　工信部在今年6月份出台《关于鼓励和引导民间资本进一步进入电信业的实施意见》之后，由工信部通信发展司组织、工信部电信研究院政策与经济研究所参与制定具体的试点方案。据悉，该方案有望在年底出台。</p><p>　　知情人士告诉《中国经营报》记者，因为牵扯到业务定义、企业资质、资金准入门槛等诸多细节，所以即将出台的试点方案中重点细划了两大业务：移动通信转售业务、接入网业务。其他6项业务还将继续细化相关方案。</p><p>　　&ldquo;对运营商的冲击不太大。&rdquo;赛迪顾问分析师陈畅告诉记者，放开后的主动权依然是在运营商手里，所以试点方案即使出台，也不会带来市场的巨变。</p><p>　　放开业务都是&ldquo;被动市场&rdquo;</p><p>　　在试点放开的两个业务中，&ldquo;移动通信转售业务&rdquo;相对比较敏感。&ldquo;电信业引入民营资本已经讲了很多年，很多业务都已经民营资本化了，但此前民营资本进入的都是非核心业务。&rdquo;陈畅说。而移动通信转售则触及到电信的核心业务：语音业务。</p><p>　　中国移动的一位内部人士告诉记者，&ldquo;移动语音是三大运营商的核心业务，民营企业跟他们谈转售协议，不会拿到好的条件。民营企业能不能做成，取决于该企业的议价能力了。&rdquo;</p><p>　　因为全国骨干网、城域网都控制在三大运营商手里，也就是主动权在运营商手里，如果运营商不想把自己利润最好的业务放出去，即使政策上放开，对民营资本也并不是重大利好消息。</p><p>　　试点的另一个业务是接入网，这已经是很多民营资本进入的领域。三大运营商在宽带的最后一公里上，确实存在突破难题。&ldquo;由一些在二三级城市有很好的关系和实力的民营企业做，更容易帮助运营商打通最后一公里瓶颈。&rdquo;前述中国移动人士告诉记者，宽带接入只占运营商整体收入的很小一部分，非核心利润来源。同时，运营商又很想打通最后一公里，这样有利于将来推广更多的互联网应用，所以他们更希望与民营企业合作。</p><p>　　显然，这两个试点业务有着完全不同的境遇与&ldquo;钱景&rdquo;，试点的成败或许对下一步方案的制定有更全面的借鉴意义。</p>','中国经营报-中国经营网',NULL,' 2012-11-17 06:40   ',NULL,0),(56,6,'中国移动官网：12月5日发布诺基亚Lumia920T ','11月17日消息，诺基亚Lumia920售价几何，什么时候在大陆上市？这是用户一直都在关心的问题。现在，中国移动官网已证实诺基亚Lumia920T的发布时间就是12月5日。','<p>　　11月17日消息，诺基亚Lumia920售价几何，什么时候在大陆上市？这是用户一直都在关心的问题。现在，中国移动官网已证实诺基亚Lumia920T的发布时间就是12月5日。</p>\r\n<p>　　根据2012年中国移动全球开发者大会的日程安排显示，12月5日下午将举办“NOKIA首款支持MM，NFC的WP8 TD终端发布仪式”，即中国移动定制版Lumia920T。</p>\r\n<p>　　中国移动版诺基亚Lumia920T在11月12日获得我国工信部入网许可，根据工信部照片显示，Lumia920除了机身正面的G3 Logo，机身背面还有“China Mobile”字样。</p>','IT之家',NULL,'2012-11-17 10:10:43　',NULL,0),(57,6,'李毅中： 加快《“两化”融合促进法》等政策出台','中证网讯17日，全国政协经济委员会副主任、工业和信息化部原部长李毅中在“2012财新峰会”上表示，目前中国信息化和工业化(简称“两化”)深度融合，改造提升传统产业，面临严峻挑战，需要加强顶层设计。应该加快《“两化”融合促进法》、《电信法》等法律法规和配套政策出台；发挥政府的引导、指导、组织和推动作用，制定规划、计划，建立协调机制，给予政策支持；建立健全两化融合的标准、规范。','<p>　　中证网讯17日，全国政协经济委员会副主任、<a href=\'http://gov.hexun.com/miit/index.html\'  target=\'_blank\' onmouseover=\"tipBlogT.showBwInfo(this,\'http://gov.hexun.com/gov23.html\')\">工业和信息化部</a>原部长李毅中在“2012财新峰会”上表示，目前中国信息化和工业化(简称“两化”)深度融合，改造提升传统产业，面临严峻挑战，需要加强顶层设计。应该加快《“两化”融合促进法》、《电信法》等<a href=\'http://law.hexun.com/\' target=\'_blank\'>法律法规</a>和配套政策出台；发挥政府的引导、指导、组织和推动作用，制定规划、计划，建立协调机制，给予政策支持；建立健全两化融合的标准、规范。</p><p>　　他说，企业对“两化”融合认识不到位，缺乏紧迫感、危机感，与发达国家存在较大差距。发达国家已提出再工业化、制造业回归、低碳经济、“智慧地球”等战略理念，中国在这方面差距还很大；缺乏总体设计、实施方案、有效措施和政策支持。</p><p>　　同时，他认为，“两化”融合广度、深度不够，环境亟待优化，当前还没有推进到全部行业、企业，多数停留在试点示范阶段；没有形成系统和网络，集成应用、系统开发不够，探索实践尚未上升到标准、规范。</p><p>　　而且，信息资源整合滞后，推进两化融合投入不足。条块分割，资源分散，自成体系，封闭运行，不能互联互通、共建共享，盲目发展，无序竞争，效率不高。财政投入也有限。</p><p>　　此外，他也表示，当前信息产业支撑能力也存在不足的问题。核心技术、关键元器件依赖引进，多数集成电路芯片依靠进口。网络基础设施及应用服务不能满足需要。</p><p>　　他提出，推进工业化进程，关键是依靠技术创新，同时要把信息技术覆盖到企业生产经营全过程。用信息技术提升生产要素水平，把信息技术从制造业向能源、电网、交通运输、航空、城市基础设施等领域，及物流、商贸、社保、教育、医疗、新农村建设、文化艺术等社会各方面扩展。</p>','中证网',NULL,'2012年11月17日12:40 ',NULL,0),(58,6,'戴尔再收购软硬一体企业级市场路进一步开拓','【天极网服务器频道11月17日消息】近日，戴尔展开今年继收购Quest Software、Wyse Technology和AppAssure Software后的第四笔交易：戴尔宣布收购基础设施自动化软件供应商Gale Technologies。','<P>　　【天极网<a class=\"keyword_link\"  href=\"http://product.yesky.com/service/\" target=\"_blank\">服务器</a>频道11月17日消息】近日，<a class=\"keyword_link\"  href=\"http://product.yesky.com/service/dell/\" target=\"_blank\">戴尔</a>展开今年继收购Quest Software、Wyse Technology和AppAssure Software后的第四笔交易：戴尔宣布收购基础设施自动化软件供应商Gale Technologies。据悉，Gale Technologies的员工将继续工作，戴尔将bon投资开发新的工程技术以及扩大销售能力来继续发展自动化软件业务。</P>\r\n<P>　　另一方面，戴尔宣布将组建专门面向企业级客户的新部门：企业级系统及解决方案部门。</P>\r\n<P>　　2012年是戴尔全面由PC端转型企业级市场之年。戴尔一直以做硬件出众，在售前售后服务方面也堪称出色。而今年此番收购连连，主要是在弥补其短板，更多是注入软件方面的基因，来壮大戴尔的软件应用服务实力。在“交钥匙”软硬一体解决方案成为企业级客户新需求的当下，戴尔转型企业级市场的每一次收购其实都在意料之中。然而，谈及软硬一体解决方案正是当下所有对企业级市场觊觎的厂商均会想到的招数，并正在付诸实践。戴尔如何脱颖而出呢？</P>','天极网服务器频道',NULL,'2012-11-17 17:19　',NULL,0),(59,6,'即时软件WeChat用户超2亿 居下載排行榜首位','中国软件资讯网消息 11月17日，据港台媒体报道，全球拥有超过2亿用户的通訊软件WeChat宣布，在App Store与GooglePlay下載排行榜拿下双料冠軍。','<P>　　中国软件资讯网消息 11月17日，据港台媒体报道，全球拥有超过2亿用户的通訊软件WeChat宣布，在App Store与GooglePlay下載排行榜拿下双料冠軍。</P>\r\n<P>　　WeChat表示，在台播出电视广告不到6天，就获得亮眼成績，分別在App Store與Google Play下載排行榜拿下冠軍，可見WeChat的人氣。</P>\r\n<P>　　罗志祥与杨丞琳超级双代言魅力，影片中两人俏皮演出，将WeChat独创语音短讯与多人聊天（Group Chat）诠释得活泼有趣，在一起的好情谊更成功吸引观众目光。</P>\r\n<P>　　WeChat有即时通讯功能，是市面唯一拥有朋友验证功能的移动平台，隐私性极高，朋友圈图文分享功能还能同步Facebook，方便管理好朋友圈与大朋友圈动态分享的帮手。</P>','中国软件资讯网',NULL,'2012-11-17 07:41:31 ',NULL,0),(60,6,'谷歌地图被踢出iOS实乃塞翁失马','当苹果发布其最新版手机操作系统iOS 6时，很多iPhone用户惊讶地发现，他们经常使用的谷歌地图应用被有缺陷的苹果地图取代了。预装的谷歌YouTube应用呢？也没有了。显然，苹果想在更大程度上掌握其“生态系统”(人们在其设备上所使用的软件工具)，并为其自动化语音助手Siri的更多功能打开大门。','<p>　　当苹果发布其最新版手机操作系统iOS 6时，很多iPhone用户惊讶地发现，他们经常使用的谷歌地图应用被有缺陷的苹果地图取代了。预装的谷歌YouTube应用呢？也没有了。显然，苹果想在更大程度上掌握其“生态系统”(人们在其设备上所使用的软件工具)，并为其自动化语音助手Siri的更多功能打开大门。</p><p>　　但就长期来看，这种把谷歌拒之门外的做法对苹果的这位竞争对手来说或许并非坏事。《<a class=\"souniu_words\" target=\"_blank\" onmouseout=\"javascript:Article.souniukeys.clearTimer()\" onmouseover=\"javascript:Article.souniukeys.showpos(event,this)\" target=\"_blank\" href=\"http://search.10jqka.com.cn/search?ie=gb2312&tid=info&ts=2&qs=4_4_2&w=%BB%AA%B6%FB%BD%D6&qs=4_4_2\">华尔街</a>日报》援引一位知情人士的话说，谷歌现在正准备在苹果应用商店发布其新版的地图应用。这意味着iPhone用户可以再次下载类似版本的谷歌地图了。对谷歌来说，区别在于这次它可以赚到更多的钱。据《华尔街日报》报道，谷歌将能够在其新版地图应用中植入更多的本地企业广告，甚至可以“与其他产生收入的谷歌服务捆绑起来”。</p><p>　　谷歌在其先前的地图应用中无法做到这一点，因为苹果先是用谷歌的<a target=\"_blank\" class=\"seo_words\" href=\"http://data.10jqka.com.cn/\">数据</a>创建了地图应用，然后才将之添加进iPhone。</p><p>　　被苹果iOS 6系统剔除的另一款预装程序谷歌YouTube应用也已经出现了同样的情况。谷歌在2012年9月为iPhone发布了新版的YouTube应用。如今，这款应用不仅广受欢迎，而且比iOS系统的旧版YouTube应用增添了更多的视频广告。也就是说，由于被iPhone拒之门外，谷歌反而可能会获得更多的广告收入。</p><p>　　虽然苹果互联网软件和服务副总裁埃迪.库(Eddy Cue)努力修复苹果地图应用的缺陷，但谷歌即将发布的新地图应用将包括逐向导航功能，在驾驶时可以当作GPS设备使用。先前的谷歌地图应用也不具备这个诱人的功能。《福布斯》评论员罗杰.凯(Roger Kay)指出，从iPhone上移除谷歌地图会使更多的人转投安卓阵营。如果消费者能够在与苹果手机相同的屏幕上看到谷歌的地图应用表现得更好，那么这会进一步把他们推向安卓阵营。</p><p>　　地图是智能手机的重要功能，不仅使消费者可以辨识道路，对那些希望在人们寻找道路或地标时自己可以出现在屏幕上的企业来说也是一个收入来源。不过，谷歌仍需要登陆苹果设备才能获得这些收入。谷歌地图不再是iPhone默认的地图应用，这意味着无法跳转到其他应用程序的实时链接上，比如打开iPhone联系人应用上的一个地址，点击它就会显示地图位置。这个功能现在是通过苹果地图来实现。</p><p>　　新的YouTube应用和地图应用植入了更多的广告，这应该能帮助谷歌抵消其在iPhone上使用量和收入的减少。另一方面，显著增加的广告可能会令iPhone用户感到不满。这是个微妙的平衡动作，谷歌必须谨慎行事。<strong><br /></strong></p><!--keywords--><p>(福布斯中文网)</p>','网友上传',NULL,'2012-11-17 17:46:27 ',NULL,0),(61,7,'冬季驾新车警惕车内空气污染','冬季，不少人在意大气污染，每日关注ＰＭ２．５，可你是否考虑过自己驾驶或乘坐的汽车车内环境中，也有空气污染？',' <p style=\"text-indent: 2em; \">\r\n	冬季，不少人在意大气污染，每日关注ＰＭ２．５，可你是否考虑过自己驾驶或乘坐的汽车车内环境中，也有空气污染？</p>\r\n<p style=\"text-indent: 2em; \">\r\n	甘肃省科学院室内环境检测中心检测工程师王博告诉记者，该中心检测发现，对车内空气造成污染的物质主要是甲醇、苯和ＴＶＯＣ，即挥发性有机物。其中，ＴＶＯＣ的超标比例最多，这种物质可对人体的中枢神经造成伤害；甲醛最难挥发，可致白血病；而苯则会对人的记忆力形成损伤。</p>\r\n<p style=\"text-indent: 2em; \">\r\n	这三种物质多来自车内的真皮坐椅、地板等内饰，以及装修黏合剂、车用香水和空气清新剂等。</p>\r\n<p style=\"text-indent: 2em; \">\r\n	同时，在冬季，由于天气寒冷，不少车主驾车时喜欢打开空调，紧闭车窗，缩在车内的密闭空间中享受暖风。王博提醒，冬季驾车，尤其是驾驶新车，一定要多开窗、常通风，减少车内空气中的有害物质对人体的伤害。</p>\r\n<p style=\"text-indent: 2em; \">\r\n	此外，研究发现，内饰高档、豪华的车辆车内空气污染更严重，专家表示，新车应尽量少装潢，少摆饰物，以避免加大车内污染。（记者　王博）</p>','来源：新华网  ',NULL,'2012年11月18日13:54    ',NULL,0),(62,7,'广汽丰田售后“好服务”成功秘籍','今年夏天，《中国好声音》以一匹黑马的姿态闯入公众视线，很快火爆大街小巷，落幕后依然余音不绝，各界“好声音”层出不穷，这一现象也引发了车界的集体思考：“好声音”的成功模式可以复制到车界“好服务”上吗？2011年荣获“中国汽车售后服务客户满意度卡思调查结果”合资品牌第一名的广汽丰田(微博)给出了肯定的答案——“好服务”也有成功秘籍。','<P style=\"TEXT-INDENT: 2em\">今年夏天，《中国好声音》以一匹黑马的姿态闯入公众视线，很快火爆大街小巷，落幕后依然余音不绝，各界“好声音”层出不穷，这一现象也引发了车界的集体思考：“好声音”的成功模式可以复制到车界“好服务”上吗？2011年荣获“中国汽车售后服务客户满意度卡思调查结果”合资品牌第一名的<!--keyword--><a class=\"a-tips-Article-QQ\" href=\"http://data.auto.qq.com/car_brand/109/\" target=\"_blank\"><!--/keyword-->广汽丰田<!--keyword--></a>(<span class=\"infoMblog\"><a class=\"a-tips-Article-QQ\" href=\"http://t.qq.com/gac-toyota#pref=qqcom.keyword\"  rel=\"gac-toyota\" reltitle=\"广汽丰田\" target=\"_blank\">微博</a></span>)<!--/keyword-->给出了肯定的答案&#8212;&#8212;“好服务”也有成功秘籍。</P><P style=\"TEXT-INDENT: 2em\"><STRONG>创新引关注：“好声音”唤醒音乐梦想 “峰终体验”赢取车界口碑 </STRONG></P><P style=\"TEXT-INDENT: 2em\">主持人靠边站，导师不再高高在上，选手仅凭声音决定去留，“好声音”纯粹的“声音为王”让人耳目一新，迅速集聚起强大的人气。成就“好声音”的关键正在其创新的模式。同样，在口碑效应明显的汽车售后服务行业，只有不断创新，其原动力和生命力才能永葆生机并深入人心。</P><P style=\"TEXT-INDENT: 2em\">广汽丰田售后服务所倡导的“峰终理论”正是这样一种创新的力量。根据研究成果，一个人在体验过程中的感受呈波浪式起伏，影响体验感受最关键的两点在于最高峰和结束时的体验。围绕这两个体验关键点，广汽丰田在全国销售店展开一系列CS改善举措，先后实施了7项专题改造、124项服务能力改造措施，从弱项改善和服务优势扩大等方面积极进行各项CS提升活动，旨在创造顾客认可的最佳“峰值体验”与“终值体验”。</P><P style=\"TEXT-INDENT: 2em\">在“峰终理论”的指引下，广汽丰田的售后服务发生了看得见的改变。比如，很少有销售店在洗车时会对发动机舱进行清洁，而广汽丰田许多销售店在按照统一标准提供洗车服务的同时，主动使用专用工具对发动机舱进行彻底清洗，为顾客提供高于标准的清洗服务，并在交车时向顾客全面展示，让顾客对“洁净”有更直观的感受，同时加强了顾客对广汽TOYOTA品牌的信赖感。“连我没有要求的地方广汽丰田都做到了，这车洗得有里有面，真不错。”体验过广汽丰田销售店“洗车”服务的<a class=\"a-tips-Article-QQ\" href=\"http://data.auto.qq.com/car_serial/103/index.shtml\" target=\"_blank\">凯美瑞</a>车主王先生如是说。</P><P style=\"TEXT-INDENT: 2em\">广汽丰田不只针对全行业弱项加强改造，在自身渠道的优势项目“经销商设施”上更是精益求精。例如，在酷暑严寒天气，中央空调无法保证舒适的温度，广汽丰田销售店在顾客休息区额外增加空调、暖炉等设备，冬暖夏凉的舒适感受深深留在顾客的“峰值记忆”。此外，销售店根据不同的节日布置休息区，圣诞节的圣诞树，春节的中国结，元宵节的红灯笼等，让顾客每次到店都能收获新鲜感和惊喜感。</P><P style=\"TEXT-INDENT: 2em\">“峰终理论”的创新应用帮助广汽丰田收获更多顾客信赖的同时，也在业内树立了良好的口碑。今年8月，在《广东汽车售后服务满意度调查报告》中广汽丰田一举斩获“2011-2012年度中国广东十佳服务品牌”、“2011-2012年度中国广东客户服务十佳管理团队”、“2011-2012年中国广东汽车销售服务满意度第一”三项大奖。不久前，在由中国质量协会发布的2012年《中国汽车行业用户满意度测评（CACSI）》中，广汽丰田更收获了售后服务满意度NO.1的荣誉称号。</P><P style=\"TEXT-INDENT: 2em\"><STRONG>内容为王道： 豪华阵容助力“好声音” 个性化服务彰显尊贵体验 </STRONG></P><P style=\"TEXT-INDENT: 2em\">业内专家这样分析《中国好声音》的成功：“‘好声音’模式很关键，但往好模式里填充好内容更为关键。”这句评价用在汽车售后服务上也同样适用。对于广汽丰田来说，“峰终理论”开辟了售后服务的创新之路，但要将创新落地，没有切实的内容支撑和强大的执行力作保障，一切都是枉然。</P><P style=\"TEXT-INDENT: 2em\">自 “心悦服务品牌”发布以来，广汽丰田在个性化服务和精益化管理方面不断完善，在满足顾客最基本需求的基础上关注顾客的感受，并通过体系化执行将售后服务关怀由“车”延伸至“人”。</P><P style=\"TEXT-INDENT: 2em\">“ipad、现磨咖啡、报刊阅读机供顾客消遣，连手机充电站都有，真是太贴心了。”</P><P style=\"TEXT-INDENT: 2em\">王小姐所说的正是广汽丰田个性化服务的相关举措，在将顾客的车辆保养、维修、顾客兴趣爱好等信息进行综合管理后，广汽丰田销售店建立起顾客需求清单，并依此制定20项以上的个性化服务举措。此外，销售店定期举办的个性化专题活动，如“网球大赛”等也广受顾客欢迎。</P><P style=\"TEXT-INDENT: 2em\">与此同时，广汽丰田以“顾客亲身体验”为重点，开展各项顾客关怀活动，如针对换季开展秋季服务月等季节关怀活动，针对危急情况实施北京“水浸车”客户关怀活动，针对异地出行推出“心悦驿站”和“远程服务”活动，并从去年开始在全渠道全面启动代步车服务，让顾客随时随地感受到无微不至的用车关怀。 </P><P style=\"TEXT-INDENT: 2em\">为了更好地落实个性化服务，广汽丰田在执行方面不断改善，在销售店导入G-TSM(本地化的<!--keyword--><a class=\"a-tips-Article-QQ\" target=\"_blank\" title=\"丰田\" href=\"http://data.auto.qq.com/car_brand/149/\"><!--/keyword-->丰田<!--keyword--></a><!--/keyword-->客户服务经销店整体管理)项目，围绕“准确反馈客户需求”和“准时交车”两大需求，通过标准化的流程优化，为客户带来更安心、快捷的服务。此外，广汽丰田的大小服务活动均全面听取销售店的意见，让销售店“当家作主”，使服务活动更加契合终端需求。 </P><P style=\"TEXT-INDENT: 2em\">正是依托个性化服务、精益化管理和体系化执行三位一体的举措，广汽丰田在售后服务满意度上获得了消费者的认可，在 “服务交车”、“服务顾问”、“服务启动”等消费者较为重视的领域获得了显著提升，其流程执行率KPI行业第一更见证了广汽丰田的强大执行力。</P><P style=\"TEXT-INDENT: 2em\"><STRONG>诚信做招牌：“真声音”才是好声音 透明化服务才是好服务</STRONG></P><P style=\"TEXT-INDENT: 2em\">《中国好声音》一路走来，在收获好评如潮的同时，也受到选手炒作、评选不透明等质疑，无论是“好声音”还是“好服务”，“诚信”都是一块千金难买的招牌。在汽车售后服务行业，消费者常常抱怨服务价格“不透明”、服务过程“不公开”，难以享受到安心的服务。对此，广汽丰田通过导入全球先进的e-CRB致力为车主创造售后服务全程可视化的透明消费环境。</P><P style=\"TEXT-INDENT: 2em\">当顾客联系销售店进行预约起，SMB看板（维修进度管理看板）便会显示预约排期、维修保养进度等信息，在顾客入店后，工作人员会根据SMB看板上的信息直接将其引入专属维修工位，完全不必等待就能顺畅的进入维修保养环节。而当顾客在休息室等待时，可以一边啜着咖啡小憩，一边通过墙上的电子显示屏随时掌握爱车的维修进度，以便更合理地安排时间。</P><P style=\"TEXT-INDENT: 2em\">很多顾客因看不到爱车的维修保养过程而多担一份心思，而广汽丰田全部销售店全部采用透明化的标准化维修服务，让维修保养过程在落地窗前全方位呈现，顾客不仅会看到爱车每一个细节，同时也可以清楚地感受到维修人员对每一辆车的爱护之心。</P><P style=\"TEXT-INDENT: 2em\">顾客的信赖是广汽丰田最大的财富，一直以来广汽丰田严格秉持“正确+亲切=信赖”的“3S”服务精神进行持续改善，以实际行动践行“心悦服务品牌”“安心”与“信赖”的承诺，正如广汽丰田客户服务部部长雷伟峰所言：“比顾客更关心其车辆，同时关心顾客个性化需求和用车生活&#8212;&#8212;这就是我们的一贯追求。”未来，广汽丰田<A name=OLE_LINK8></A><A name=OLE_LINK7>将继续发扬创新精神，</A>通过人性化的关怀与尊重，筑就顾客发自内心的满意和喜悦，赢得顾客长久的信赖。</P>','腾讯汽车[微博]',NULL,'2012年11月18日12:09',NULL,0),(63,7,'安徽六家企业获准生产校车','记者昨日从教育部门获悉，最新《车辆生产企业及产品公告》已发布，我省六家汽车制造企业入选。教育部门提醒，各地在为小学生和幼儿新购校车时，应从该《公告》中进行选购，如购买不合格校车，将无法办理牌证。','<p>\r\n	　　记者昨日从教育部门获悉，最新《车辆生产企业及产品公告》已发布，我省六家汽车制造企业入选。教育部门提醒，各地在为小学生和幼儿新购校车时，应从该《公告》中进行选购，如购买不合格校车，将无法办理牌证。</p>\r\n<p>\r\n	　　据介绍，为确保校车质量和安全，2007年以来，工业和信息化部将校车生产企业及产品纳入《车辆生产企业及产品公告》进行管理。截至10月16日，已发布了35个批次、共52家生产企业的441个校车产品。从最新公布的校车生产企业中，我省的安凯、江淮、奇瑞等六家汽车制造企业共计近30个校车产品名列其中。（冯刘飞 武静）</p>','来源：《安徽商报》',NULL,'2012年11月18日08:46',NULL,0),(64,7,'全民赛车热潮 雅力士全国挑战赛转战杭州','10月20日，2012雅力士全国挑战赛第六站在福州如期举行，各路车友齐聚海峡汽车文化广场，在专门设计的“金卡纳”赛道上展开了一场驾技与胆识的较量。经过一番激战，来自福州本土的选手徐南隽以2分10秒50的成绩夺得本站冠军，他将在年底与亚军和季军选手一同赴广州参加总决赛，与来自其他分站的18名选手进行巅峰比拼，并有机会挑战CTCC(中国房车竞标赛)顶尖职业车手，赢取终极大奖。','<P style=\"TEXT-INDENT: 2em\">10月20日，2012<a class=\"a-tips-Article-QQ\" href=\"http://data.auto.qq.com/car_serial/409/index.shtml\" target=\"_blank\">雅力士</a>全国挑战赛第六站在福州如期举行，各路车友齐聚海峡汽车文化广场，在专门设计的“金卡纳”赛道上展开了一场驾技与胆识的较量。经过一番激战，来自福州本土的选手徐南隽以2分10秒50的成绩夺得本站冠军，他将在年底与亚军和季军选手一同赴广州参加总决赛，与来自其他分站的18名选手进行巅峰比拼，并有机会挑战CTCC(中国房车竞标赛)顶尖职业车手，赢取终极大奖。</P><P style=\"TEXT-INDENT: 2em\">据了解，本次挑战赛的“金卡纳”赛道是由重庆CC车队和雅力士赛可达RSR车队专门为雅力士量身打造的，可让参赛者在有限的空间里实现全方位的驾控体验。事实上，金卡纳在国外盛行多年，以平民化、高趣味和竞技性著称，不少大牌汽车厂商都常用金卡纳测试车型的操控性和稳定性。</P><P style=\"TEXT-ALIGN: center\"><IMG alt=\"徐南隽勇夺第六站车王  2012雅力士全国挑战赛转战杭州\" src=\"http://img1.gtimg.com/auto/pics/hv1/128/166/1199/78007433.jpg\"></P><P style=\"TEXT-INDENT: 2em\">本次挑战赛由七大关组成，分上、下两场进行比赛。上半场由数字空间、U形迷宫和狭“鹿”相逢组成，这三大项目中不但有快速过弯的环节，也有玩转脑力和体力的装箱环节，除了需要速度和技术以外，同时还考验参赛者的判断力、对比赛用车的熟悉程度。下半场由矩阵密码、密室逃脱、一击即中、极限暴走这四大环节组成，要求参赛者在完成投球任务的同时，兼顾绕行、出入库、直线冲刺等一连串复杂动作，整个过程既考验车手的记忆力、操控能力，也十分考验赛车的高速稳定性、方向精准度及制动的灵敏性。</P><P style=\"TEXT-INDENT: 2em\">据悉，由于很多选手对“金卡纳”赛道和雅力士的性能不太熟悉，致使他们在上半场比赛中成绩平平，特别是在装箱环节，有些参赛者因忽视了雅力士的内部空间潜力，导致装箱太少。然而到了下半场比赛，选手们似乎都进入了状态，将雅力士的赛车潜力展现的淋漓尽致，尤其是在 “矩阵密码”路段，凭借强劲的动力和灵活的操控优势，雅力士在桩筒间自由穿插，行云流水般的行驶表现也帮助选手们赢得了在场观众的阵阵掌声。</P><P style=\"TEXT-INDENT: 2em\">当比赛接近尾声时，重庆CC车队的当家车手黄楚涵驾驶着自己的战车为大家带来了极限驾技表演，将本站活动推向了最高潮。值得一提的是，在今年的CTCC(中国房车竞标赛)中，重庆CC车队赢得了CTCC鄂尔多斯站和肇庆站两个冠军，以及CTCC肇庆站的季军。</P><P style=\"TEXT-INDENT: 2em\">据悉，由<!--keyword--><a class=\"a-tips-Article-QQ\" href=\"http://data.auto.qq.com/car_brand/109/\" target=\"_blank\"><!--/keyword-->广汽丰田<!--keyword--></a>(<span class=\"infoMblog\"><a class=\"a-tips-Article-QQ\" href=\"http://t.qq.com/gac-toyota#pref=qqcom.keyword\"  rel=\"gac-toyota\" reltitle=\"广汽丰田\" target=\"_blank\">微博</a></span>)<!--/keyword-->主办的2012雅力士全国挑战赛，自今年6月份以来，先后在上海、长沙、重庆、大连、济南和福州六大城市进行了分站赛，已有500多名参赛者零距离感受了雅力士极限驾控的乐趣。继福州站后，2012雅力士全国挑战赛将转战杭州，势必会再掀起一股全民赛车热潮。</P>','腾讯汽车[微博]',NULL,'2012年11月18日11:36',NULL,0),(65,7,NULL,NULL,NULL,NULL,NULL,NULL,NULL,0),(66,7,NULL,NULL,NULL,NULL,NULL,NULL,NULL,0),(67,7,NULL,NULL,NULL,NULL,NULL,NULL,NULL,0),(68,7,NULL,NULL,NULL,NULL,NULL,NULL,NULL,0),(69,7,NULL,NULL,NULL,NULL,NULL,NULL,NULL,0),(70,7,NULL,NULL,NULL,NULL,NULL,NULL,NULL,0),(71,8,'基金周评:市场普跌加速基金继续减仓 ','新华网北京１１月１８日电（记者陶俊洁、赵晓辉）本周股市延续前期走势，两市继续杀跌。从基金操作来看，市场普跌加速基金继续减仓。','<p>    新华网北京１１月１８日电（记者陶俊洁、赵晓辉）本周股市延续前期走势，两市继续杀跌。从基金操作来看，市场普跌加速基金继续减仓。</p>\r\n<p>    根据德圣基金研究中心公布的数据，截至１１月１５日，偏股方向基金平均仓位继续下降，可比主动股票基金加权平均仓位为７７．０３％，相比上周降２．０２％；偏股混合型基金加权平均仓位为６９．５５％，相比上周降２．１８％；配置混合型基金加权平均仓位６３．５０％，相比上周降２．５０％。</p>\r\n<p>    从具体基金公司来看，本期基金公司操作略显分化，但减仓者居多。大型基金公司中，南方、华夏、易方达公司旗下多基金明显减仓，博时旗下多基金明显增仓，大成基金仓位基本维稳。中小基金公司方面，摩根士丹利等个别公司旗下多基金明显增仓；光大保德信、汇添富等公司基金仓位基本维稳，招商、广发、工银瑞信、银华、富国、中银等公司多基金大幅减仓。</p>\r\n<p>    新华基金认为，１０月经济数据预期向好对市场的提振作用不大，市场对于经济复苏力度仍处于持续观察阶段，短期市场延续震荡可能性更大。目前，经济复苏毋庸置疑，但复苏可能尚未超出季节性因素的影响范围，尚需继续跟踪观察。等到１１月份经济数据出来，经济复苏是否有持续性将更加确定。从更长时间看，明年一季度行情被看好。</p>\r\n<p>    上投摩根基金认为，１０月份ＰＭＩ数据重回荣枯线之上，使得后续经济企稳预期更加强烈，给予了市场继续反弹信心。而１０月份数据有小幅改善，显示经济短期触底企稳，正逐步进入短期“Ｌ”底部。预计四季度经济增速以稳为主，主要经济数据同比有望小幅反弹，一些稳增长效果将继续显现。目前，Ａ股市场受到政策预期不明确和投资者情绪影响仍处震荡格局，后续经济数据如能进一步强化经济复苏信号，将为市场带来明显支持。</p>\r\n<p>    泰达宏利基金认为，１０月ＰＭＩ反季节性上升预示经济在四季度筑底可能性进一步加大。另一方面，上市公司三季报公告基本全部结束，市场在经过三季报的排查后，对上市公司三季度业绩不佳的预期已经反映在股价上，因此，市场总体将呈现底部企稳的态势，行业配置方面遵循低估值、业绩增长的主线，可关注电子、医药等高质量的成长股。</p>\r\n<p>    从债市基本面来看，金鹰基金表示，从四季度宏观政策、通胀以及货币政策环境来分析，信用债的投资环境较为正面，收益率保持平稳，同时相对宽松的资金面状况四季度可能会持续，有利于债券基金利用杠杆操作。</p>','来源： 新华网 ',NULL,'2012年11月18日 15:16:32',NULL,0),(72,8,'阿根廷拒绝承认美国法官对阿债务拥有司法管辖权','新华网布宜诺斯艾利斯１１月１７日电（记者叶书宏　赵燕燕）阿根廷《号角报》网站１７日报道，阿根廷政府１６日晚正式回函美国纽约联邦法院，拒绝承认美国法官对美国本土以外发行的债务拥有司法管辖权。','<p>    新华网布宜诺斯艾利斯１１月１７日电（记者叶书宏　赵燕燕）阿根廷《号角报》网站１７日报道，阿根廷政府１６日晚正式回函美国纽约联邦法院，拒绝承认美国法官对美国本土以外发行的债务拥有司法管辖权。</p>\r\n<p>    美国纽约联邦法官托马斯·格里塞此前作出判决，要求阿根廷赋予那些拒绝接受阿根廷主权债务重组计划的债权人以相同的债务索取优先权，并向他们按期支付利息。阿方曾提请上诉但被美国上诉法院驳回，为此阿政府将按债务全额向拒绝接受债务重组计划的债权人支付巨额利息。</p>\r\n<p>    美国法院此前曾赋予阿根廷司法豁免期限，要求阿方最晚于本月１６日向美国纽约联邦法院提交偿付方式建议。阿根廷政府在最后期限到来之前回函纽约联邦法院，对美国法院干涉其他国家在美国之外发行债券的司法管辖权提出质疑。</p>\r\n<p>    在这份长达２７页的书面回函中，阿根廷政府申请重新审议美国上诉法庭决定，理由是美国法院无权管辖另一主权国家自主处置其美国领土以外资产，美国相关法律承认其他国家及其主权财产享有管辖豁免权。</p>\r\n<p>    依据美国纽约联邦法官判决，今年１２月２日阿根廷应向不接受２００５年和２０１０年债务重组计划的债权人支付首笔利息，这些债权人中包括不久前要求加纳政府扣留阿军方“自由号”护卫舰以迫使阿政府全额偿还债务的美国“秃鹫基金”ＮＭＬ资本公司。</p>\r\n<p>    阿根廷政府已明确表示，不会屈服于“秃鹫基金”压力。但是如果１２月２日阿根廷方面拒绝向ＮＭＬ公司等投资方支付首笔利息，美国法院会强制提出还债方案，可能的结果是冻结阿根廷在美国的部分外汇存款，从而影响其他接受债务重组计划债权人的索取权益。</p>\r\n<p>    对于阿方来讲，目前较为棘手的是，在美国法院提出起诉的债权人团体并非都是“秃鹫基金”，其中还有一部分是投资阿根廷国债的退休者。起诉方律师说，和投资垃圾债券的“秃鹫基金”不同，这些人从债券发行伊始就已买入，他们是真正的金融危机受害者。</p>\r\n<p>    ２００２年阿根廷发生金融危机，违约外债高达千亿美元，阿根廷政府被迫在２００５年和２０１０年两次实施债务重组。ＮＭＬ资本等秃鹫基金曾在危机后期抄底买入阿根廷垃圾债权，但拒绝接受债务重组，并上诉美国法院要求阿方全额还债。今年１０月２６日，美国纽约联邦法官作出有利于起诉方的判决。</p>','来源： 新华网 ',NULL,'2012年11月18日 15:52:35',NULL,0),(73,8,'商务部预测我国今年对外贸易增幅在6%左右','中广网北京11月18日消息 据经济之声《天下财经》报道，据商务部预测，我国今年对外贸易增幅预计在６％左右，低于国内生产总值增幅，这种情况是多年来没有出现的。但明显高于今年世界贸易的平均增幅，我国在世界贸易中的占比依然能在困境中实现增长。','<p>　　中广网北京11月18日消息 据经济之声《天下财经》报道，据商务部预测，我国今年对外贸易增幅预计在６％左右，低于国内生产总值增幅，这种情况是多年来没有出现的。但明显高于今年世界贸易的平均增幅，我国在世界贸易中的占比依然能在困境中实现增长。</p>','新闻中心-中国网 news.china.',NULL,'时间： 2012-11-18',NULL,0),(74,8,'林毅夫：完善收入分配改革需深化金融结构改革','中新社北京11月18日电 (陈康亮)前世界银行副行长兼首席经济学家林毅夫18日在北京表示，实现初次分配中公平与效率的统一，需深化金融改革。','<p>　　<a target=\'_blank\' href=\'http://www.chinanews.com/\'>中新社</a>北京11月18日电 (陈康亮)前世界银行副行长兼首席经济学家林毅夫18日在北京表示，实现初次分配中公平与效率的统一，需深化金融改革。</p>\r\n\r\n<p>　　林毅夫是在首届金融街论坛上做如是表述的。他表示，在金融方面需做到两点：改革当前以大银行、股票市场为主的金融结构，构建以地区性、中小金融为中心的金融体系，服务实体经济，特别是服务劳动密集型产业，如农业、制造业、服务业，发挥比较优势，促进充分就业，从而提高民众的工资性收入；改变金融抑制，实现利率市场化，保护出资人应有的回报。</p>\r\n\r\n<p>　　林毅夫表示，中国经济在转型过程中，并未按照华盛顿共识所讲的“休克疗法”，而是采取双轨制，这固然避免经济出现东欧式的崩溃，但也保留了一些扭曲要素，影响了收入分配。</p>\r\n\r\n<p>　　林毅夫强调，扭曲主要表现在三个方面：一是金融结构高度集中，以大银行和股票市场为主；二是资源的税费非常低；三是在某些服务业上面保留着垄断。<table border=0 cellspacing=0 cellpadding=0 align=left><tr><td><div id=adhzh name=hzh>\r\n\r\n<!-- AdSame ShowCode: 中新网 / 新闻通发页 / 新闻通发页 画中画 Begin -->\r\n<script type=\"text/javascript\" src=\"http://adsame.chinanews.com/s?z=chinanews&c=30\" ></script>\r\n<!-- AdSame ShowCode: 中新网 / 新闻通发页 / 新闻通发页 画中画 End -->\r\n\r\n</div></td></tr></table></p>\r\n\r\n<p>　　林毅夫进一步指出，中国的金融高度集中在大银行跟股票市场，且存在一定程度的金融抑制。在这种状况下，能够获得金融服务的，一般只是重资产的大企业。而事实上此类金融服务获得了中小储户的补贴。而中小储户广泛存在的中小型企业却得不到金融支持，发展受抑制，民众工资收入的增长速度相对较低。</p>\r\n\r\n<p>　　日前，中共十八大报告首次明确提出居民收入倍增目标。报告提出，到2020年，实现国内生产总值和城乡居民人均收入比2010年翻一番，并提出要提高居民收入在国民收入分配中的比重，提高劳动报酬在初次分配中的比重。</p>\r\n\r\n<p>　　林毅夫表示，若能坚定推进金融改革，服务实体经济，发挥中国经济的比较优势，则上述目标是可以实现的。(完)','来源：中国新闻网',NULL,'2012年11月18日 15:52　',NULL,0),(75,8,'大白菜价格狂跌6分钱一斤无人问津 菜农无奈弃收','中广网北京11月18日消息（记者舒晶晶）据中国之声《央广新闻》报道，今年北京、河北、山东等地蔬菜迎来了大丰收，但随之而来的却是蔬菜价格的一路狂跌，很多农民种菜的成本几乎都收不回来。','<p>　　中广网北京11月18日消息（记者舒晶晶）据中国之声《央广新闻》报道，今年北京、河北、山东等地蔬菜迎来了大丰收，但随之而来的却是蔬菜价格的一路狂跌，很多农民种菜的成本几乎都收不回来。</p>\r\n<p>　　记者走访了北京、河北、山东等蔬菜产地发现，尽管有关部门一直在努力，但是农民卖菜难、菜价低的现象仍然没有得到缓解。从北京新发地蔬菜批发市场的白菜价格走势来看，10月4日，白菜批发价涨到一斤4毛钱，5日就回落到一斤3毛钱。从6日开始，价格在每斤1毛5到1毛8之间徘徊。到了11月15日的时候，已经跌到了每斤1毛5的价格。</p>\r\n<p>　　在大兴区魏善庄镇西沙窝农副产品批发市场，和前段时间每斤白菜5分钱相比，最近白菜价格略有提高，每斤8分钱，但是一些菜商为了抢生意，还是会把价格压到6、7分钱一斤。</p>\r\n<p>　　而在山东潍坊市一家蔬菜交易大厅，这儿的大菜批发价格是每斤1毛2，而从农户手中收购的每斤价格是6分钱。有商户说，装一车菜的人工费要400块钱，装白菜的袋子钱也要600块钱，再算上运费、市场管理费等等，算下来卖一斤白菜如果不赔钱就已经很好了。很多商户觉得目前还属于白菜销售的旺季，再过几个月基本上就不会再来市场卖白菜了。</p>\r\n<p>　　同时，因为目前白菜卖不上价格，很多农民干脆放弃了收菜，外出打工挣钱，所以现在很多白菜烂到地里没有人收。</p>\r\n<p>　　有蔬菜批发市场的工作人员分析说，白菜集中上市是造成白菜低价的主要原因。另外，市民冬储大白菜的习惯渐渐远去，也让同一时间集中上市的白菜一时难以消化。</p>\r\n<p>　　<font face=\"楷体_GB2312\">（中央人民广播电台推出新闻热线4008000088，拨打热线电话即可将您手中的新闻线索第一时间反馈。我们将第一时间派出记者调查事件、报道事实、揭开真相。）</font></p>','来源：中国广播网',NULL,'2012-11-18 11:46   ',NULL,0),(76,8,'贵州大力培育微型企业 返乡农民工成“创业先锋”','新华网贵阳１１月１８日电（记者齐健）今年１月至１０月，贵州省登记设立微型企业２．２万余户，超额完成全年２万户发展目标。在享受重点扶持政策的微企“小老板”中，返乡农民工占了一半以上。','<p>    新华网贵阳１１月１８日电（记者齐健）今年１月至１０月，贵州省登记设立微型企业２．２万余户，超额完成全年２万户发展目标。在享受重点扶持政策的微企“小老板”中，返乡农民工占了一半以上。</p>\r\n<p>    记者从贵州省扶持微型企业发展工作领导小组办公室了解到，贵州省今年以来采取一系列激励措施，大力扶持微型企业发展，激发了民间创业热情。今年前１０个月，全省共登记设立２２２３８户微型企业，其中加工制造、科技创新、创意设计、软件开发、民族手工艺品加工和特色食品生产等六大行业占３２．８％。</p>\r\n<p>    据了解，这２万余户微型企业至少带动贵州省１２万余人就业。在微型企业创业者中，政策重点扶持的达１０００４人，其中返乡农民工创业者５３０３人，占５３％，大中专毕业生占２２．４％、失业人员占２１．５％。</p>\r\n<p>    贵州省微企办负责人说，今年第四季度，贵州预计还将培育上万户微型企业，优先扶持的重点是环境影响小、就业容量大、产品附加值高的微型企业。贵州省各级工商部门将帮助企业完成创业培训、设立登记和创业评审，通过评审的企业将享受各项政策优惠。目前，贵州已有８７００余户微型企业获财政补助资金４．８亿余元，１２２５户微型企业获贷款支持１．６７亿元。</p>','来源： 新华网',NULL,'2012年11月18日 15:31:29',NULL,0),(77,8,'美医疗器械巨头8亿美元完成并购我国纽交所上市企业 ','新华网北京１１月１７日电（记者 周婷玉）全球医疗器械巨头之一美敦力公司１６日宣布完成对康辉控股（中国）公司的并购。根据协议，美敦力向这家在纽约证交所上市的企业支付约８．１６亿美元的现金。','<p>    新华网北京１１月１７日电（记者 周婷玉）全球医疗器械巨头之一美敦力公司１６日宣布完成对康辉控股（中国）公司的并购。根据协议，美敦力向这家在纽约证交所上市的企业支付约８．１６亿美元的现金。</p>\r\n<p>    此次被收购的康辉公司总部位于江苏常州，其产品覆盖较为全面的骨科治疗领域，包含创伤、脊柱、人工关节置换等。此外，这家公司在国内已建立了广泛的流通渠道，并在其他２９个国家有业务。</p>\r\n<p>    据悉，收购之后，美敦力将扩大康辉在骨科手术方面的产品和服务，并强化现有的脊柱、神经外科、神经调控等领域的地位。</p>\r\n<p>    美敦力公司总部位于美国明尼苏达州，公司执行副总裁克里斯·奥康内尔表示，康辉的加入将为美敦力在快速增长的中国骨科领域提供可持续的竞争优势，也将在全球新兴市场的普及骨科产品领域占得一席之地。</p>\r\n<p>    随着老龄化进程的加快，我国骨科疾病的病患数量大幅增长，使得这一市场迅速崛起。国际骨质疏松基金会的数据显示，中国有６９４０万５０岁以上的骨质疏松患者，预计到２０２０年，相关医疗费用将超过１２５亿美元。</p>\r\n<p>    目前，在国内高端、大型医疗器械市场，外资企业占据８０％以上。业内人士指出，面对国外医药巨头的觊觎，国内企业应该抓住深化医改、扩大医保的发展机遇，加大研发投入，提升自主技术创新力，从而赢得市场份额。</p>','来源： 新华网',NULL,'2012年11月17日 09:19:58',NULL,0),(78,8,'工商提醒：定制商品受追捧 双方协议宜详订 ','新华网沈阳１１月１８日电（记者陈梦阳、初杭）如今，在网络上“定制”商品彰显个性和品味正受到追捧，但由于约定不明，商家和消费者之间屡生争议。辽宁省工商局１２３１５投诉举报中心提醒，消费者选择定制商品时宜与商家详细定约，还要注意与定制商品相关的物流、售后等配套服务是否完善，避免造成不必要的经济损失。','<p>    新华网沈阳１１月１８日电（记者陈梦阳、初杭）如今，在网络上“定制”商品彰显个性和品味正受到追捧，但由于约定不明，商家和消费者之间屡生争议。辽宁省工商局１２３１５投诉举报中心提醒，消费者选择定制商品时宜与商家详细定约，还要注意与定制商品相关的物流、售后等配套服务是否完善，避免造成不必要的经济损失。</p>\r\n<p>    沈阳市消费者王女士日前定制了一套价值近６０００元的沙发，约定两个月后送货。送货日已到，商家却百般拖延拒绝送货。协商未果，王女士向工商部门投诉。由于消费合同中明订了交货时间和违约措施，工商执法人员立即责令经营者退回货款，并依据违约条款赔偿１７８５元违约金。王女士表示满意。</p>\r\n<p>    辽宁省工商局１２３１５投诉举报中心负责人表示，《消费者权益保护法》第四十七条明确规定：经营者以预收款方式提供商品或者服务的，应当按照约定提供。据此，定制商品出现质量纷争，消费者约定至关重要。消费者在选购定制商品前，应当就产品的功能、定制目的、售后服务、违约责任等作出详细约定，此外还应格外注意商品的制作期限，并注意保存相关文字、图片证据，以便发生争议时能够充分维权。</p>','来源： 新华网 ',NULL,'2012年11月18日 15:15:09',NULL,0),(79,8,'贾宁：大集团抢奶源垄断市场致中国乳业陷困境','中国网11月17日讯(记者 姚毅婧 马珂楠)作为2012中国国际食品文化节重头戏之一的活动，以“中国品质”为探讨重点的主题论坛，16日下午在济南国际会展中心举行。中国保护消费者基金会打假工作委员会投诉举报办公室主任贾宁在会上表示，“大集团抢占奶源、压低收购价格及地区垄断导致奶农不舍得喂奶牛精良的苜蓿草，只能靠‘三聚氰胺’来增加收购牛奶的蛋白质含量。”他认为，企业和奶站形成的这种默契，才是导致目前中国乳业处在如此尴尬悲哀的境地的根本原因。','<p>　　中国网11月17日讯(记者 姚毅婧 马珂楠)作为2012中国国际食品文化节重头戏之一的活动，以“中国品质”为探讨重点的主题论坛，16日下午在济南国际会展中心举行。中国保护消费者基金会打假工作委员会投诉举报办公室主任贾宁在会上表示，“大集团抢占奶源、压低收购价格及地区垄断导致奶农不舍得喂奶牛精良的苜蓿草，只能靠‘三聚氰胺’来增加收购牛奶的蛋白质含量。”他认为，企业和奶站形成的这种默契，才是导致目前中国乳业处在如此尴尬悲哀的境地的根本原因。</p>\r\n\r\n<p>　　<strong>大集团抢占奶源、垄断市场致中国乳业陷困境</strong></p>\r\n\r\n<p>　　对于食品安全的控制问题，贾宁认为，我国应该反思大工业化生产的一些弊病。“目前建设大牧场和大养殖场，动辄就是十万头奶牛饲养、牲畜圈养、大蔬菜基地等等。这些是否适合我国地域广阔、农民居多的社会背景环境？”他表示，自己曾在北京三元集团调研时发现，三元乳业注重自己的养殖、兽医、饲料加工，这样的企业还有当年宋美龄女士创办的南京卫岗乳业，它们一直坚持发展巴氏奶以及城市型的乳业发展格局。</p>\r\n\r\n<p>　　贾宁还表示，日前在十八大代表记者会上，内蒙古有地方官员说蒙牛、伊利没有任何毛病，问题出在牛奶源头。“他说的没错，是出在源头，但这恰恰是蒙牛这样的大集团抢占奶源、压低收购价格及地区垄断导致奶农不舍得喂奶牛精良的苜蓿草，只能靠‘三聚氰胺’来增加收购牛奶的蛋白质含量。”他认为，企业和奶站形成的这种默契，才是导致目前中国奶业处在如此尴尬悲哀的境地的根本原因。</p>\r\n\r\n<p>　　对于取消中小企业、建立食品集团才能搞好食品安全的论调，贾宁表示，我国若要做好食品安全工作，就一定要实事求是、脚踏实地从我国国情出发。有些人一味呼吁“只有取消中小企业才能搞好食品安全”的理论，这是把为食品安全问题、造假诚信问题推给小的食品企业，在为不愿作为和不作为找借口。“当年奶业三聚氰胺丑闻揭盖子的时候，可都是国内乳业响当当的大集团、大企业。相反，类似于像黑龙江全省中小型乳企没有一家参与其中。”他称。</p>\r\n\r\n<p>　　<strong>转基因食品应引起社会关注和严谨的科学论证</strong></p>\r\n\r\n<p>　　贾宁在会上指出，我国现阶段需对以违背自然规律、伦理道德，冠以所谓的“食品科学新技术、新型生产工艺、新型快速饲养手段”等“噱头”的科学技术加以警惕，尤其是使用在食品加工生产领域上。 “如果在食品领域盲目的使用所谓的科学技术，违背自然规律的特性和伦理道德。那么人类也必将受到惩罚，我们也已有了教训。”他说。</p>\r\n\r\n<p>　　据贾宁介绍，“瘦肉精”是80年代初期由美国公司研制的，1987“瘦肉精”引进中国后屡次获奖，曾被列为国家科委“八五”攻关项目以及国家科技进步二等奖。而本应在建筑材料等方面使用的化学助剂“三聚氰胺”又是哪位研究人员、“科学家”发现了将它却添加在牛奶中，可以提高蛋白质指标呢？以及当时令社会广泛质疑的蒙牛特仑苏的“OMP”又是一种说不清、道不明的东西，最后定性为厂家自行从国外引进，自行添加，没有经过审批。再回顾最近所发生的黄金大米在我国湖南小学生身上做实验的问题，暴露出来的恰恰是一些食品领域专家学者的伦理操守以及学术的丑闻。</p>\r\n\r\n<p>　　对于转基因食品的问题，贾宁表示，凡是涉及转基因食品种植、流通、加工企业的经济实力均比较强大，公关也较顺畅、话语权自然强势。他认为，目前我国尚处于社会主义市场初级阶段发展中，在目前我国法律法规中 ，研发安全保障、技术论证以及时间考量等方面不完备的情况下，还是应该慎重的看待转基因食品问题。</p>\r\n\r\n<p>　　贾宁指出，转基因食品应该引起社会的关注和严谨的科学论证，目前在短期内下结论是不负责也是不科学的，如不客观的看待这个问题，也许未来会是场灾难。(中国网财经中心)</p>','新闻中心-中国网 news.china.',NULL,'时间： 2012-11-17　　',NULL,0),(80,8,'全程监管食品安全市民满意农民乐意','1、抓源头从田间到超市全程质量追溯　2、管流通农产品批批检测有问题现场销毁3、严监管7.69万种食品有了“身份证”　4、建智库食品安全专家库首批聘任73名专家','<p>　　<STRONG>1、抓源头从田间到超市全程质量追溯</STRONG></p><p>　　&gt;&gt;&gt;项目进展:</p><p>　　厦门农产品质量安全追溯体系已进入制度化、规范化运作，目前已设立首批4个追溯点，接下来将推广到农产品生产企业及农户，消费者可轻松查询农产品“身份”。</p><p>　　昨天清晨6时许，翔安区的庄家宝蔬菜专业合作社内，工作人员娴熟地将一个个“放心菜”标签，贴在即将输往我市各大农贸市场及超市的蔬菜包装上。</p><p>　　作为市委、市政府为民办实事的重要项目之一，厦门市农产品质量安全追溯管理系统正在有序运行当中。我市目前设立的首批4个追溯点，除了庄家宝蔬菜专业合作社之外，还包括位于同安区的青云岭生态农业有限公司和厦门市旺源隆蔬菜专业合作社，以及位于集美区的捷圣生态农业种植园。</p><p>　　厦门市农产品质量安全检验测试中心相关负责人介绍，在这些追溯点中，生产经营者从产品播种开始，就会对播种、施肥、打药、灌溉、采收、农残检测、销售过程中的信息进行全程记录，市农产品质量安全检验测试中心也会把对企业的巡查监管、产品抽检信息上传到追溯管理系统。值得一提的是，有了“放心菜身份证”，消费者即可通过网络、短信、超市触摸屏等不同途径，轻松对所购农产品的“身份”进行查询。</p><p>　　昨日，我市<a href=\'http://gov.hexun.com/nyb/index.html\'  target=\'_blank\' onmouseover=\"tipBlogT.showBwInfo(this,\'http://gov.hexun.com/gov27.html\')\">农业部</a>门透露的好消息是，在市委、市政府的重视下，目前，厦门农产品质量安全追溯体系已进入制度化、规范化运作，接下来也将从首批试点，推广到厦门市大部分农产品生产企业及农户。最新统计数据显示，截至目前，企业贴标数量已达到7万多张，贴标产品销售范围也逐步扩大，追溯产品覆盖乐田宅配、天虹超市等多家经销企业，基本实现对联网基地实时监控，实现对种植业产品从生产到流通的全程质量安全溯源监管。</p><p>　　有关人士乐观地预测，不远的将来，厦门超市、市场里的蔬菜、水果，都将有自己的“身份证”，而一旦出现质量安全问题，监管部门也能“顺藤摸瓜”，轻松揪出各个环节的问题所在。</p><p>　　事实上，厦门市农产品质量安全追溯管理系统建设快步推进的背后，是市委、市政府认真贯彻落实省委、省政府为民办实事的工作部署和关于治理“餐桌污染”建设“食品放心工程”的重要指示精神，积极打响的民生工程战役。业界普遍认为，这是一条市民满意、农民乐意的双赢之路，也是全国农产品质量安全管理实践中的一个典范。</p><p>　　<STRONG>2、管流通农产品批批检测有问题现场销毁</STRONG></p><p>　　&gt;&gt;&gt;项目进展:</p><p>　　夏商农产品检测检验站将继续引进先进检测设备，对农副产品进行高品质“体检”。目前，全年市场的检测次数达近50万批次，已实现“批批检测”。</p><p>　　夜里11点，在夏商农产品检测检验站，即将进入厦门市场里流通的4000多筐（袋）农副产品将开始逐批进行一场全面的“体检”，检验人员将分1400多个批次，对它们“筐筐检测”，以保证它们以“健康”的状态进入市民的菜篮子。</p><p>　　为保障我市食品供应和食品安全，市委、市政府在开展全面调研后，提出了多项具体举措。我市农副产品多数靠外调，要把好食品安全关，就要严格检验检疫程序及市场准入。</p><p>　　按照市委市政府的指示，夏商农产品检测检验站将继续引进配齐全球先进检测设备。相关数据显示，目前，我市全年市场的检测次数达近50万批次，目前已经实现“批批检测”，严格杜绝农药残留超标蔬菜等农产品进入流通领域。经复检，对有问题的蔬菜现场销毁。</p><p>　　在严格市场准入制度方面也将有更大的提升。目前，检验人员将结果录入电脑系统，为每一批蔬菜等农产品开具电子“合格证”，通过夏商农产品集团与工商部门建立的生鲜食品安全监管网络联动系统，杜绝农残超标农产品流入集贸市场。</p><p>　　食品安全的源头还在于田间地头。随着检测效率的不断提升，检测技术骨干人员将逐步把“实验室”延伸到田间地头。</p><p>　　<STRONG>3、严监管7.69万种食品有了“身份证”</STRONG></p><p>　　&gt;&gt;&gt;项目进展:</p><p>　　目前，我市1.3万家食品经营企业销售的7.69万种食品都有了“身份证”。下一步，市工商局将对未纳入系统监管和未开具上市凭证的食品经营企业进行指导规范。</p><p>　　“\"严\"字当头，围绕规范化、信息化、制度化要求，重点抓好食品生产、流通和管理监督三大环节。”这是省委常委、市委书记于伟国在就我市食品安全问题进行调研时提出的要求。记者从工商部门获悉，我市自行研制开发的流通环节食品安全监管系统去年4月上线以来，目前全市1.3万家食品经营企业销售7.69万种食品都有了“身份证”。下一步，流通领域的食品监管将以城乡接合部和农村为重点，向食杂店、小卖部延伸。</p><p>　　据了解，去年4月，我市建起了“流通环节食品安全监管系统”。到目前为止，全市在售的10余万种食品中，已有7.69万种被纳入该系统监管。</p><p>　　“我市目前共有食品经营户3.1万余户，其中批发企业和大卖场均已被纳入流通环节食品安全监管系统，实现可溯源监管。”市工商局副局长洪龙泉告诉记者，批发和卖场一直都是食品监管的主战场，全市至少有一半的食品来自这里，将其纳入监管就等于把住了食品监管的主流和源头。他表示，下一步，市工商局将督促各工商所，及时将普查中发现的未纳入系统监管和未开具上市凭证的食品经营企业，按照要求指导规范。</p><p>　　<STRONG>4、建智库食品安全专家库首批聘任73名专家</STRONG></p><p>　　&gt;&gt;&gt;项目进展:</p><p>　　我市正式组建了“厦门市食品安全专家库”，并在此基础上成立了“厦门市食品安全专家委员会”，为食品药品监管部门提供技术支持，并参与监管、辅助决策。</p><p>　　民以食为天，食以安为先。今年10月中旬，省委常委、市委书记于伟国就我市食品问题进行专题调研，特别指出要重点解决食品安全问题；党的<a href=\'http://news.hexun.com/2012/dbdh/\' target=\'_blank\'>十八大</a>报告也明确提出:“要进一步改革和完善食品药品安全监管体制机制”。记者从市食品安全工作办公室了解到，我市日前正式组建“厦门市食品安全专家库”，并在此基础上成立了“厦门市食品安全专家委员会”。首批聘任的73名来自不同行业、涉及不同领域的食品安全专家，将为我市食品药品监管部门提供技术支持，并参与监管、辅助决策。</p><p>　　据介绍，此次筛选出的专家库成员都是在我市农业、质检、工商、卫生，食品药品监管等相关专业领域工作五年以上，具有高级食品及相关专业技术职称的专业人士，有些还是承担市级以上食品安全检测、食品安全关键技术应用等科研相关项目的主要负责人。其主要职责是在五大领域为我市食品安全相关工作提供技术支持:一是参与研究、制定、论证食品安全发展规划、政策和<a href=\'http://law.hexun.com/clist_10005_0_1.html?mark=1\' target=\'_blank\'>规范性文件</a>；二是协助应对和处理重大、疑难、有争议的、突发的食品安全事件；三是及时评估和科学判断食品安全形势；四是论证相关食品安全项目；五是开展食品安全科学知识普及和监管人员的培训等。</p>','来源：福建省人民政府网站  ',NULL,'2012年11月18日09:28 ',NULL,0),(81,9,'献给每位DNF搬砖玩家DNF资深砖友的心得','先说一下如何成为一个好的DNF玩家必须带有：1.坚持的毅力，不能中途放弃;2.还得有一定程度的荣誉感，适可而止;3.不能抱怨对自己身上发生的一切事故。','　<p>　　相信现在大多数玩家玩DNF都快1到3年了吧!不过还有少数玩家穿着真紫装拿着0强紫武器或者神器去玩DNF。</p>\r\n<p>　　其实玩DNF就像买彩票一样，只是比彩票中奖几率高一点，方法好一点，有钱能买到极品而已。</p>\r\n<p>　　<a href=\'http://ft.52pk.com/ziliao/201112/1858279.shtml\' target=\"_blank\"><u>一夜</u></a>之间屌丝也可以成为高富帅，高富帅永远是高富帅......比如开罐子买双倍契约，开首饰开出来骨戒更或者粉高级戒指，一下子就有钱了不是么。</p>\r\n<p>　　玩好DNF又不花钱，必须得有毅力。</p>\r\n<p>　　DNF是一款很好的游戏，只不过人的要求太高，导致很多人不得不离开，人的满足感是很大的，有了11就想要12，有了12就想要13，一直到了13，还有想超越的想法......现在很多区土豪都有了17的武器，之间有多少的金钱砸进去可想而知。</p>\r\n<p>　　我是一名从鬼剑士觉醒玩到现在的玩家，不过被骗子耍了，号被洗了之后就没再玩，之后开出70级，我又开始在玩下去了，身上的装备不是那么的好，但是够刷悲鸣王者了，都是一步一步板砖的结果。</p>\r\n<p>　　先说一下如何成为一个好的DNF玩家必须带有：</p>\r\n<p>　　1.坚持的毅力，不能中途放弃;</p>\r\n<p>　　2.还得有一定程度的荣誉感，适可而止;</p>\r\n<p>　　3.不能抱怨对自己身上发生的一切事故。</p>\r\n<p>　　我们来说一下坚持的毅力，我是一开始从60级升级到70级期间，由于网络卡只能单刷，当时就有每日任务必须2人组队，我都刷不上，所以有了双开这种工具，我可以练2个号，一个主号和副号，这样每日可以完成，有很多回报的双倍的任务奖励跟邀请函，双倍出而且还有随机深渊出现，这样天天刷图等级也很快到了70级。</p>\r\n<p>　　我由于组不上队伍，没去异界，平民有2种选择，就是天天做尸体去异界弄装备或者有实力自己双开去异界。还有就是每天刷追击从普通到王者，最快速度内刷完按自己能力，刷完可以换7个罐子，金钱差不多有50~80W左右，坚持10天就是500~800W，这样慢慢的购买传承套，一件一件的去弄，再去打孔，剩下的钱购买高级时装，分解出来的打上，我相信每个区100W是600点卷左右，所以买高级时装很容易的。</p>\r\n<p>　　拿到异界套装或者传承套装去刷王的遗迹看自己的实力，一开始刷冒险，然后慢慢加快速度和提高实力刷勇士，我觉得王者没必要去刷，因为掉落的材料没比勇士多，我是板砖了快3个月了吧，手上有了差不多6000多W跟很多深渊邀请函、粉，到是没见过钱，我拿去买13的蓝色武器，为什么买13的蓝色，因为不用了可以卖，这样提高了水平，然后去板砖悲鸣主要是为了做2件首饰，毕竟这2件一直都是很受欢迎的，有异界套的可以无视。</p>\r\n<p>　　关于深渊有钱，你可以买10个票，价钱在一个3W，需要15个是45W，10个票是450W，然后去刷你需要的武器，每天刷10次之间爆了粉或者SS就收手，改天再刷，无谓的继续去刷没好果子吃。这样有了异界套，还有了传承套，也有了自己喜欢的武器，强化方面+10就行了，毕竟强化爆了就没了，不要找凯利强化，有钱每天去开赛利亚祝福，我就不信你开不出来强化卷，有了一把武器+10的，你得继续板砖在弄一把，这时候你可以找凯利强化11，如果爆了还有另一把可以用，慢慢的时间可以讲述一切的装备。</p>\r\n<p>　　最后说不能对自己所做的事抱怨，没人让你去拼土豪，也没人逼你去弄一把高强，适可而止满足现在的情况，要想想还有比自己更低的人呢!适合自己的水平去玩不是很好么?武器爆了只是自己一心的贪念弄成的结果，都说强化10以上武器爆了会没的，这都是一种赌博方式而已，伤心的只有自己的钱，没人不要去抱怨谁谁谁，只能当做你这个人不成熟。</p>\r\n<p>　　好了想吐槽的来吧!!!</p>','来源：互联网 作者：情巧克力',NULL,'发布时间：12-11-18 09:10 ',NULL,0),(82,9,NULL,NULL,NULL,NULL,NULL,NULL,NULL,0),(83,9,NULL,NULL,NULL,NULL,NULL,NULL,NULL,0),(84,9,NULL,NULL,NULL,NULL,NULL,NULL,NULL,0),(85,9,NULL,NULL,NULL,NULL,NULL,NULL,NULL,0),(86,9,NULL,NULL,NULL,NULL,NULL,NULL,NULL,0),(87,9,NULL,NULL,NULL,NULL,NULL,NULL,NULL,0),(88,9,NULL,NULL,NULL,NULL,NULL,NULL,NULL,0),(89,9,NULL,NULL,NULL,NULL,NULL,NULL,NULL,0),(90,9,NULL,NULL,NULL,NULL,NULL,NULL,NULL,0),(91,10,NULL,NULL,NULL,NULL,NULL,NULL,NULL,0),(92,10,NULL,NULL,NULL,NULL,NULL,NULL,NULL,0),(93,10,NULL,NULL,NULL,NULL,NULL,NULL,NULL,0),(94,10,NULL,NULL,NULL,NULL,NULL,NULL,NULL,0),(95,10,NULL,NULL,NULL,NULL,NULL,NULL,NULL,0),(96,10,NULL,NULL,NULL,NULL,NULL,NULL,NULL,0),(97,10,NULL,NULL,NULL,NULL,NULL,NULL,NULL,0),(98,10,NULL,NULL,NULL,NULL,NULL,NULL,NULL,0),(99,10,NULL,NULL,NULL,NULL,NULL,NULL,NULL,0),(100,10,NULL,NULL,NULL,NULL,NULL,NULL,NULL,0),(101,0,NULL,NULL,NULL,NULL,NULL,NULL,NULL,0),(102,0,NULL,NULL,NULL,NULL,NULL,NULL,NULL,0),(103,0,NULL,NULL,NULL,NULL,NULL,NULL,NULL,0),(104,6,NULL,NULL,NULL,NULL,NULL,NULL,NULL,0);

/*!40101 SET SQL_MODE=@OLD_SQL_MODE */;
/*!40014 SET FOREIGN_KEY_CHECKS=@OLD_FOREIGN_KEY_CHECKS */;
/*!40014 SET UNIQUE_CHECKS=@OLD_UNIQUE_CHECKS */;
/*!40111 SET SQL_NOTES=@OLD_SQL_NOTES */;
